benchmark,transport,scenario,nodes,sample,value_ns
consensus_with_setup,TCP,localhost,4,1,13908681
consensus_with_setup,TCP,localhost,4,2,4119517
consensus_with_setup,TCP,localhost,4,3,3098490
consensus_with_setup,TCP,localhost,4,4,2637525
consensus_with_setup,TCP,localhost,4,5,2987782
consensus_with_setup,TCP,localhost,4,6,2449149
consensus_with_setup,TCP,localhost,4,7,3240332
consensus_with_setup,TCP,localhost,4,8,1991523
consensus_with_setup,TCP,localhost,4,9,2124567
consensus_with_setup,TCP,localhost,4,10,2376991
consensus_with_setup,TCP,localhost,4,11,2251215
consensus_with_setup,TCP,localhost,4,12,2496485
consensus_with_setup,TCP,localhost,4,13,2341655
consensus_with_setup,TCP,localhost,4,14,5132233
consensus_with_setup,TCP,localhost,4,15,3125845
consensus_with_setup,TCP,localhost,4,16,2502974
consensus_with_setup,TCP,localhost,4,17,2153133
consensus_with_setup,TCP,localhost,4,18,3326527
consensus_with_setup,TCP,localhost,4,19,2613962
consensus_with_setup,TCP,localhost,4,20,2953812
consensus_with_setup,TCP,localhost,4,21,2271150
consensus_with_setup,TCP,localhost,4,22,3370524
consensus_with_setup,TCP,localhost,4,23,2278830
consensus_with_setup,TCP,localhost,4,24,2333009
consensus_with_setup,TCP,localhost,4,25,2554396
consensus_with_setup,TCP,localhost,4,26,2889997
consensus_with_setup,TCP,localhost,4,27,5478322
consensus_with_setup,TCP,localhost,4,28,2150897
consensus_with_setup,TCP,localhost,4,29,3062987
consensus_with_setup,TCP,localhost,4,30,1849847
consensus_with_setup,QUIC,localhost,4,1,36200673
consensus_with_setup,QUIC,localhost,4,2,33045838
consensus_with_setup,QUIC,localhost,4,3,26119834
consensus_with_setup,QUIC,localhost,4,4,27797075
consensus_with_setup,QUIC,localhost,4,5,23547999
consensus_with_setup,QUIC,localhost,4,6,31006542
consensus_with_setup,QUIC,localhost,4,7,40426723
consensus_with_setup,QUIC,localhost,4,8,46283729
consensus_with_setup,QUIC,localhost,4,9,28362654
consensus_with_setup,QUIC,localhost,4,10,28706291
consensus_with_setup,QUIC,localhost,4,11,26926603
consensus_with_setup,QUIC,localhost,4,12,24179378
consensus_with_setup,QUIC,localhost,4,13,33846408
consensus_with_setup,QUIC,localhost,4,14,32420237
consensus_with_setup,QUIC,localhost,4,15,26346121
consensus_with_setup,QUIC,localhost,4,16,39782562
consensus_with_setup,QUIC,localhost,4,17,25207522
consensus_with_setup,QUIC,localhost,4,18,23605039
consensus_with_setup,QUIC,localhost,4,19,23250983
consensus_with_setup,QUIC,localhost,4,20,29339193
consensus_with_setup,QUIC,localhost,4,21,27645240
consensus_with_setup,QUIC,localhost,4,22,22816532
consensus_with_setup,QUIC,localhost,4,23,29613826
consensus_with_setup,QUIC,localhost,4,24,24137807
consensus_with_setup,QUIC,localhost,4,25,22192489
consensus_with_setup,QUIC,localhost,4,26,27203125
consensus_with_setup,QUIC,localhost,4,27,27934181
consensus_with_setup,QUIC,localhost,4,28,23565117
consensus_with_setup,QUIC,localhost,4,29,28640158
consensus_with_setup,QUIC,localhost,4,30,72156217
consensus_with_setup,TCP,10ms,4,1,52687396
consensus_with_setup,TCP,10ms,4,2,51979394
consensus_with_setup,TCP,10ms,4,3,52184123
consensus_with_setup,TCP,10ms,4,4,52240150
consensus_with_setup,TCP,10ms,4,5,51973272
consensus_with_setup,TCP,10ms,4,6,53474007
consensus_with_setup,TCP,10ms,4,7,52006698
consensus_with_setup,TCP,10ms,4,8,51905744
consensus_with_setup,TCP,10ms,4,9,52448694
consensus_with_setup,TCP,10ms,4,10,52504998
consensus_with_setup,TCP,10ms,4,11,53104586
consensus_with_setup,TCP,10ms,4,12,52213521
consensus_with_setup,TCP,10ms,4,13,53830193
consensus_with_setup,TCP,10ms,4,14,51848779
consensus_with_setup,TCP,10ms,4,15,51740810
consensus_with_setup,TCP,10ms,4,16,51860669
consensus_with_setup,TCP,10ms,4,17,52893839
consensus_with_setup,TCP,10ms,4,18,52771701
consensus_with_setup,TCP,10ms,4,19,52458164
consensus_with_setup,TCP,10ms,4,20,52610986
consensus_with_setup,TCP,10ms,4,21,52356807
consensus_with_setup,TCP,10ms,4,22,52787929
consensus_with_setup,TCP,10ms,4,23,53210327
consensus_with_setup,TCP,10ms,4,24,52296843
consensus_with_setup,TCP,10ms,4,25,52076646
consensus_with_setup,TCP,10ms,4,26,52978564
consensus_with_setup,TCP,10ms,4,27,52878054
consensus_with_setup,TCP,10ms,4,28,53078677
consensus_with_setup,TCP,10ms,4,29,53208017
consensus_with_setup,TCP,10ms,4,30,53106647
consensus_with_setup,QUIC,10ms,4,1,91026544
consensus_with_setup,QUIC,10ms,4,2,77723532
consensus_with_setup,QUIC,10ms,4,3,82443985
consensus_with_setup,QUIC,10ms,4,4,72700347
consensus_with_setup,QUIC,10ms,4,5,75278616
consensus_with_setup,QUIC,10ms,4,6,84713865
consensus_with_setup,QUIC,10ms,4,7,75587285
consensus_with_setup,QUIC,10ms,4,8,79656077
consensus_with_setup,QUIC,10ms,4,9,81753371
consensus_with_setup,QUIC,10ms,4,10,95170024
consensus_with_setup,QUIC,10ms,4,11,80115679
consensus_with_setup,QUIC,10ms,4,12,68728217
consensus_with_setup,QUIC,10ms,4,13,72180323
consensus_with_setup,QUIC,10ms,4,14,73971013
consensus_with_setup,QUIC,10ms,4,15,70584130
consensus_with_setup,QUIC,10ms,4,16,69371804
consensus_with_setup,QUIC,10ms,4,17,70851501
consensus_with_setup,QUIC,10ms,4,18,70013657
consensus_with_setup,QUIC,10ms,4,19,78271764
consensus_with_setup,QUIC,10ms,4,20,70105031
consensus_with_setup,QUIC,10ms,4,21,73311153
consensus_with_setup,QUIC,10ms,4,22,69834374
consensus_with_setup,QUIC,10ms,4,23,67608917
consensus_with_setup,QUIC,10ms,4,24,71051664
consensus_with_setup,QUIC,10ms,4,25,72593405
consensus_with_setup,QUIC,10ms,4,26,71030137
consensus_with_setup,QUIC,10ms,4,27,70217741
consensus_with_setup,QUIC,10ms,4,28,68097263
consensus_with_setup,QUIC,10ms,4,29,69749268
consensus_with_setup,QUIC,10ms,4,30,67596711
consensus_with_setup,TCP,50ms,4,1,253164595
consensus_with_setup,TCP,50ms,4,2,253918761
consensus_with_setup,TCP,50ms,4,3,252716748
consensus_with_setup,TCP,50ms,4,4,252630923
consensus_with_setup,TCP,50ms,4,5,252858359
consensus_with_setup,TCP,50ms,4,6,253130978
consensus_with_setup,TCP,50ms,4,7,252554926
consensus_with_setup,TCP,50ms,4,8,254269276
consensus_with_setup,TCP,50ms,4,9,252748266
consensus_with_setup,TCP,50ms,4,10,252470886
consensus_with_setup,TCP,50ms,4,11,252550948
consensus_with_setup,TCP,50ms,4,12,252613003
consensus_with_setup,TCP,50ms,4,13,252748213
consensus_with_setup,TCP,50ms,4,14,252657906
consensus_with_setup,TCP,50ms,4,15,253044197
consensus_with_setup,TCP,50ms,4,16,252860085
consensus_with_setup,TCP,50ms,4,17,252970609
consensus_with_setup,TCP,50ms,4,18,252889291
consensus_with_setup,TCP,50ms,4,19,254229256
consensus_with_setup,TCP,50ms,4,20,252329807
consensus_with_setup,TCP,50ms,4,21,252234771
consensus_with_setup,TCP,50ms,4,22,252644623
consensus_with_setup,TCP,50ms,4,23,252930466
consensus_with_setup,TCP,50ms,4,24,252280015
consensus_with_setup,TCP,50ms,4,25,252564682
consensus_with_setup,TCP,50ms,4,26,252355668
consensus_with_setup,TCP,50ms,4,27,252547617
consensus_with_setup,TCP,50ms,4,28,252187636
consensus_with_setup,TCP,50ms,4,29,252564296
consensus_with_setup,TCP,50ms,4,30,254263577
consensus_with_setup,QUIC,50ms,4,1,270827310
consensus_with_setup,QUIC,50ms,4,2,273877786
consensus_with_setup,QUIC,50ms,4,3,272090796
consensus_with_setup,QUIC,50ms,4,4,269045803
consensus_with_setup,QUIC,50ms,4,5,264302563
consensus_with_setup,QUIC,50ms,4,6,268965704
consensus_with_setup,QUIC,50ms,4,7,265527591
consensus_with_setup,QUIC,50ms,4,8,274917959
consensus_with_setup,QUIC,50ms,4,9,266241669
consensus_with_setup,QUIC,50ms,4,10,276645681
consensus_with_setup,QUIC,50ms,4,11,267032760
consensus_with_setup,QUIC,50ms,4,12,271916030
consensus_with_setup,QUIC,50ms,4,13,270622582
consensus_with_setup,QUIC,50ms,4,14,267246211
consensus_with_setup,QUIC,50ms,4,15,265081591
consensus_with_setup,QUIC,50ms,4,16,271964756
consensus_with_setup,QUIC,50ms,4,17,274569463
consensus_with_setup,QUIC,50ms,4,18,280301586
consensus_with_setup,QUIC,50ms,4,19,269882124
consensus_with_setup,QUIC,50ms,4,20,272126537
consensus_with_setup,QUIC,50ms,4,21,270807364
consensus_with_setup,QUIC,50ms,4,22,270394348
consensus_with_setup,QUIC,50ms,4,23,266103864
consensus_with_setup,QUIC,50ms,4,24,270648195
consensus_with_setup,QUIC,50ms,4,25,269079299
consensus_with_setup,QUIC,50ms,4,26,271191379
consensus_with_setup,QUIC,50ms,4,27,268462098
consensus_with_setup,QUIC,50ms,4,28,270901960
consensus_with_setup,QUIC,50ms,4,29,278454986
consensus_with_setup,QUIC,50ms,4,30,273862828
consensus_with_setup,TCP,5pct_loss,4,1,297185422
consensus_with_setup,TCP,5pct_loss,4,2,109461400
consensus_with_setup,TCP,5pct_loss,4,3,110509798
consensus_with_setup,TCP,5pct_loss,4,4,1103599388
consensus_with_setup,TCP,5pct_loss,4,5,52301691
consensus_with_setup,TCP,5pct_loss,4,6,361347781
consensus_with_setup,TCP,5pct_loss,4,7,1103864576
consensus_with_setup,TCP,5pct_loss,4,8,1121960083
consensus_with_setup,TCP,5pct_loss,4,9,72596654
consensus_with_setup,TCP,5pct_loss,4,10,2154793335
consensus_with_setup,TCP,5pct_loss,4,11,1131132157
consensus_with_setup,TCP,5pct_loss,4,12,52667067
consensus_with_setup,TCP,5pct_loss,4,13,1122757177
consensus_with_setup,TCP,5pct_loss,4,14,71508129
consensus_with_setup,TCP,5pct_loss,4,15,81987391
consensus_with_setup,TCP,5pct_loss,4,16,72359425
consensus_with_setup,TCP,5pct_loss,4,17,1103642776
consensus_with_setup,TCP,5pct_loss,4,18,1103834982
consensus_with_setup,TCP,5pct_loss,4,19,52219018
consensus_with_setup,TCP,5pct_loss,4,20,1094119899
consensus_with_setup,TCP,5pct_loss,4,21,70202733
consensus_with_setup,TCP,5pct_loss,4,22,1093468911
consensus_with_setup,TCP,5pct_loss,4,23,1093262129
consensus_with_setup,TCP,5pct_loss,4,24,52807375
consensus_with_setup,TCP,5pct_loss,4,25,53217360
consensus_with_setup,TCP,5pct_loss,4,26,54386616
consensus_with_setup,TCP,5pct_loss,4,27,52855864
consensus_with_setup,TCP,5pct_loss,4,28,101488738
consensus_with_setup,TCP,5pct_loss,4,29,1131125704
consensus_with_setup,TCP,5pct_loss,4,30,324673578
consensus_with_setup,QUIC,5pct_loss,4,1,252593316
consensus_with_setup,QUIC,5pct_loss,4,2,308148588
consensus_with_setup,QUIC,5pct_loss,4,3,138798199
consensus_with_setup,QUIC,5pct_loss,4,4,255313475
consensus_with_setup,QUIC,5pct_loss,4,5,137425786
consensus_with_setup,QUIC,5pct_loss,4,6,260000458
consensus_with_setup,QUIC,5pct_loss,4,7,126176186
consensus_with_setup,QUIC,5pct_loss,4,8,70234389
consensus_with_setup,QUIC,5pct_loss,4,9,152492598
consensus_with_setup,QUIC,5pct_loss,4,10,251291945
consensus_with_setup,QUIC,5pct_loss,4,11,237553107
consensus_with_setup,QUIC,5pct_loss,4,12,381439813
consensus_with_setup,QUIC,5pct_loss,4,13,70707621
consensus_with_setup,QUIC,5pct_loss,4,14,106944866
consensus_with_setup,QUIC,5pct_loss,4,15,171177641
consensus_with_setup,QUIC,5pct_loss,4,16,197957158
consensus_with_setup,QUIC,5pct_loss,4,17,111819235
consensus_with_setup,QUIC,5pct_loss,4,18,289172980
consensus_with_setup,QUIC,5pct_loss,4,19,144241701
consensus_with_setup,QUIC,5pct_loss,4,20,117619788
consensus_with_setup,QUIC,5pct_loss,4,21,139238402
consensus_with_setup,QUIC,5pct_loss,4,22,128543957
consensus_with_setup,QUIC,5pct_loss,4,23,130309153
consensus_with_setup,QUIC,5pct_loss,4,24,133905734
consensus_with_setup,QUIC,5pct_loss,4,25,263335357
consensus_with_setup,QUIC,5pct_loss,4,26,68932723
consensus_with_setup,QUIC,5pct_loss,4,27,181075049
consensus_with_setup,QUIC,5pct_loss,4,28,128739043
consensus_with_setup,QUIC,5pct_loss,4,29,129166415
consensus_with_setup,QUIC,5pct_loss,4,30,588629471
consensus_with_setup,TCP,wan,4,1,1191262401
consensus_with_setup,TCP,wan,4,2,285817884
consensus_with_setup,TCP,wan,4,3,292842914
consensus_with_setup,TCP,wan,4,4,199103712
consensus_with_setup,TCP,wan,4,5,198366543
consensus_with_setup,TCP,wan,4,6,1193620852
consensus_with_setup,TCP,wan,4,7,199566268
consensus_with_setup,TCP,wan,4,8,1225284650
consensus_with_setup,TCP,wan,4,9,199154463
consensus_with_setup,TCP,wan,4,10,200501961
consensus_with_setup,TCP,wan,4,11,200463220
consensus_with_setup,TCP,wan,4,12,275499514
consensus_with_setup,TCP,wan,4,13,193268255
consensus_with_setup,TCP,wan,4,14,201688450
consensus_with_setup,TCP,wan,4,15,198288780
consensus_with_setup,TCP,wan,4,16,196980028
consensus_with_setup,TCP,wan,4,17,198148919
consensus_with_setup,TCP,wan,4,18,197563321
consensus_with_setup,TCP,wan,4,19,200185829
consensus_with_setup,TCP,wan,4,20,197621564
consensus_with_setup,TCP,wan,4,21,194472040
consensus_with_setup,TCP,wan,4,22,197696078
consensus_with_setup,TCP,wan,4,23,1229982220
consensus_with_setup,TCP,wan,4,24,199647349
consensus_with_setup,TCP,wan,4,25,196728294
consensus_with_setup,TCP,wan,4,26,198285152
consensus_with_setup,TCP,wan,4,27,196665939
consensus_with_setup,TCP,wan,4,28,199177532
consensus_with_setup,TCP,wan,4,29,200597406
consensus_with_setup,TCP,wan,4,30,200077605
consensus_with_setup,QUIC,wan,4,1,222322612
consensus_with_setup,QUIC,wan,4,2,222911852
consensus_with_setup,QUIC,wan,4,3,474224810
consensus_with_setup,QUIC,wan,4,4,215183684
consensus_with_setup,QUIC,wan,4,5,217977461
consensus_with_setup,QUIC,wan,4,6,218297848
consensus_with_setup,QUIC,wan,4,7,317757249
consensus_with_setup,QUIC,wan,4,8,218816791
consensus_with_setup,QUIC,wan,4,9,387241183
consensus_with_setup,QUIC,wan,4,10,218687239
consensus_with_setup,QUIC,wan,4,11,206511205
consensus_with_setup,QUIC,wan,4,12,218688334
consensus_with_setup,QUIC,wan,4,13,220942063
consensus_with_setup,QUIC,wan,4,14,225225321
consensus_with_setup,QUIC,wan,4,15,218817639
consensus_with_setup,QUIC,wan,4,16,223888764
consensus_with_setup,QUIC,wan,4,17,217416960
consensus_with_setup,QUIC,wan,4,18,363376802
consensus_with_setup,QUIC,wan,4,19,225582388
consensus_with_setup,QUIC,wan,4,20,224539666
consensus_with_setup,QUIC,wan,4,21,223841850
consensus_with_setup,QUIC,wan,4,22,224804755
consensus_with_setup,QUIC,wan,4,23,220892987
consensus_with_setup,QUIC,wan,4,24,418514159
consensus_with_setup,QUIC,wan,4,25,220976380
consensus_with_setup,QUIC,wan,4,26,373346345
consensus_with_setup,QUIC,wan,4,27,220133317
consensus_with_setup,QUIC,wan,4,28,224721430
consensus_with_setup,QUIC,wan,4,29,225763008
consensus_with_setup,QUIC,wan,4,30,212112534
consensus_with_setup,TCP,harsh,4,1,2422878427
consensus_with_setup,TCP,harsh,4,2,339354327
consensus_with_setup,TCP,harsh,4,3,1504277413
consensus_with_setup,TCP,harsh,4,4,1932333535
consensus_with_setup,TCP,harsh,4,5,666566894
consensus_with_setup,TCP,harsh,4,6,443267661
consensus_with_setup,TCP,harsh,4,7,1296127378
consensus_with_setup,TCP,harsh,4,8,347604188
consensus_with_setup,TCP,harsh,4,9,733220831
consensus_with_setup,TCP,harsh,4,10,346528034
consensus_with_setup,TCP,harsh,4,11,467526245
consensus_with_setup,TCP,harsh,4,12,339869414
consensus_with_setup,TCP,harsh,4,13,1256749019
consensus_with_setup,TCP,harsh,4,14,1327976883
consensus_with_setup,TCP,harsh,4,15,865064375
consensus_with_setup,TCP,harsh,4,16,418948066
consensus_with_setup,TCP,harsh,4,17,1287747072
consensus_with_setup,TCP,harsh,4,18,1538803083
consensus_with_setup,TCP,harsh,4,19,341697916
consensus_with_setup,TCP,harsh,4,20,1303596542
consensus_with_setup,TCP,harsh,4,21,873272338
consensus_with_setup,TCP,harsh,4,22,520177776
consensus_with_setup,TCP,harsh,4,23,1510144632
consensus_with_setup,TCP,harsh,4,24,338813249
consensus_with_setup,TCP,harsh,4,25,1289134538
consensus_with_setup,TCP,harsh,4,26,350282485
consensus_with_setup,TCP,harsh,4,27,449677015
consensus_with_setup,TCP,harsh,4,28,1288332885
consensus_with_setup,TCP,harsh,4,29,533308761
consensus_with_setup,TCP,harsh,4,30,328782504
consensus_with_setup,QUIC,harsh,4,1,529661197
consensus_with_setup,QUIC,harsh,4,2,588791503
consensus_with_setup,QUIC,harsh,4,3,913814028
consensus_with_setup,QUIC,harsh,4,4,773434553
consensus_with_setup,QUIC,harsh,4,5,520627863
consensus_with_setup,QUIC,harsh,4,6,544829287
consensus_with_setup,QUIC,harsh,4,7,706934333
consensus_with_setup,QUIC,harsh,4,8,722060904
consensus_with_setup,QUIC,harsh,4,9,389306400
consensus_with_setup,QUIC,harsh,4,10,778500097
consensus_with_setup,QUIC,harsh,4,11,917487527
consensus_with_setup,QUIC,harsh,4,12,516349069
consensus_with_setup,QUIC,harsh,4,13,614783273
consensus_with_setup,QUIC,harsh,4,14,750382773
consensus_with_setup,QUIC,harsh,4,15,1130661726
consensus_with_setup,QUIC,harsh,4,16,856816195
consensus_with_setup,QUIC,harsh,4,17,878411205
consensus_with_setup,QUIC,harsh,4,18,587110023
consensus_with_setup,QUIC,harsh,4,19,394369547
consensus_with_setup,QUIC,harsh,4,20,905574511
consensus_with_setup,QUIC,harsh,4,21,461603435
consensus_with_setup,QUIC,harsh,4,22,674564565
consensus_with_setup,QUIC,harsh,4,23,822438717
consensus_with_setup,QUIC,harsh,4,24,667583003
consensus_with_setup,QUIC,harsh,4,25,876788795
consensus_with_setup,QUIC,harsh,4,26,744861422
consensus_with_setup,QUIC,harsh,4,27,552547665
consensus_with_setup,QUIC,harsh,4,28,755434038
consensus_with_setup,QUIC,harsh,4,29,822922983
consensus_with_setup,QUIC,harsh,4,30,928929837
