benchmark,transport,scenario,sample,control_latency_ns,total_iteration_ns
hol_blocking,TCP,localhost,1,548586,54457504
hol_blocking,TCP,localhost,2,2608028,44032197
hol_blocking,TCP,localhost,3,213286,41738317
hol_blocking,TCP,localhost,4,1707971,43039676
hol_blocking,TCP,localhost,5,2923860,45927556
hol_blocking,TCP,localhost,6,2569006,51657061
hol_blocking,TCP,localhost,7,3186372,34106827
hol_blocking,TCP,localhost,8,5324940,38479302
hol_blocking,TCP,localhost,9,3133690,36371861
hol_blocking,TCP,localhost,10,2385935,44630778
hol_blocking,TCP,localhost,11,2380611,46013648
hol_blocking,TCP,localhost,12,2363562,45358743
hol_blocking,TCP,localhost,13,2507561,46760131
hol_blocking,TCP,localhost,14,2385328,45343366
hol_blocking,TCP,localhost,15,404730,47142131
hol_blocking,TCP,localhost,16,2428460,46805742
hol_blocking,TCP,localhost,17,2387142,43645596
hol_blocking,TCP,localhost,18,17024403,46734572
hol_blocking,TCP,localhost,19,3277109,47794247
hol_blocking,TCP,localhost,20,2670845,52045008
hol_blocking,TCP,localhost,21,2264148,31657882
hol_blocking,TCP,localhost,22,5025632,49344444
hol_blocking,TCP,localhost,23,2470857,40128296
hol_blocking,TCP,localhost,24,5042158,43653195
hol_blocking,TCP,localhost,25,2308691,45152926
hol_blocking,TCP,localhost,26,2433719,45793339
hol_blocking,TCP,localhost,27,2519982,61453484
hol_blocking,TCP,localhost,28,2543910,46581574
hol_blocking,TCP,localhost,29,2230813,49847605
hol_blocking,TCP,localhost,30,2459570,44064557
hol_blocking,QUIC,localhost,1,597644,60049139
hol_blocking,QUIC,localhost,2,642547,54514302
hol_blocking,QUIC,localhost,3,588449,38866985
hol_blocking,QUIC,localhost,4,887161,53744412
hol_blocking,QUIC,localhost,5,446245,46983136
hol_blocking,QUIC,localhost,6,428874,46970636
hol_blocking,QUIC,localhost,7,1432016,51070533
hol_blocking,QUIC,localhost,8,457938,42019041
hol_blocking,QUIC,localhost,9,436401,47479988
hol_blocking,QUIC,localhost,10,351978,57142494
hol_blocking,QUIC,localhost,11,556958,51904594
hol_blocking,QUIC,localhost,12,574398,49311175
hol_blocking,QUIC,localhost,13,422845,49217227
hol_blocking,QUIC,localhost,14,534203,50540785
hol_blocking,QUIC,localhost,15,591828,50567654
hol_blocking,QUIC,localhost,16,883865,47833485
hol_blocking,QUIC,localhost,17,582929,54989091
hol_blocking,QUIC,localhost,18,366368,43898781
hol_blocking,QUIC,localhost,19,529423,47915331
hol_blocking,QUIC,localhost,20,495495,55173523
hol_blocking,QUIC,localhost,21,1230404,55151116
hol_blocking,QUIC,localhost,22,484607,49126870
hol_blocking,QUIC,localhost,23,363622,47032648
hol_blocking,QUIC,localhost,24,480115,52516869
hol_blocking,QUIC,localhost,25,566941,35383433
hol_blocking,QUIC,localhost,26,605327,45904317
hol_blocking,QUIC,localhost,27,524908,46640308
hol_blocking,QUIC,localhost,28,452022,47766808
hol_blocking,QUIC,localhost,29,573975,45893442
hol_blocking,QUIC,localhost,30,434209,48812950
hol_blocking,TCP,1pct_loss,1,32191929,166431511
hol_blocking,TCP,1pct_loss,2,12070389,73707002
hol_blocking,TCP,1pct_loss,3,12247041,72948736
hol_blocking,TCP,1pct_loss,4,12621573,63484031
hol_blocking,TCP,1pct_loss,5,12949562,62762097
hol_blocking,TCP,1pct_loss,6,12579446,61610899
hol_blocking,TCP,1pct_loss,7,12384809,284585683
hol_blocking,TCP,1pct_loss,8,12346793,68371062
hol_blocking,TCP,1pct_loss,9,12524098,70515551
hol_blocking,TCP,1pct_loss,10,12905484,89670095
hol_blocking,TCP,1pct_loss,11,10512951,80150651
hol_blocking,TCP,1pct_loss,12,12415970,73078607
hol_blocking,TCP,1pct_loss,13,12514154,66369668
hol_blocking,TCP,1pct_loss,14,10401254,72934236
hol_blocking,TCP,1pct_loss,15,12346557,65505423
hol_blocking,TCP,1pct_loss,16,12483898,65422461
hol_blocking,TCP,1pct_loss,17,12377582,65525052
hol_blocking,TCP,1pct_loss,18,14134321,67471714
hol_blocking,TCP,1pct_loss,19,12358326,65605043
hol_blocking,TCP,1pct_loss,20,12284782,71147854
hol_blocking,TCP,1pct_loss,21,12880305,64977734
hol_blocking,TCP,1pct_loss,22,10497655,72085098
hol_blocking,TCP,1pct_loss,23,12441992,73898934
hol_blocking,TCP,1pct_loss,24,30438290,79385686
hol_blocking,TCP,1pct_loss,25,12000320,73092667
hol_blocking,TCP,1pct_loss,26,12358789,71456650
hol_blocking,TCP,1pct_loss,27,12485331,70387595
hol_blocking,TCP,1pct_loss,28,12330159,64464556
hol_blocking,TCP,1pct_loss,29,13169319,68322867
hol_blocking,TCP,1pct_loss,30,10415096,66134823
hol_blocking,QUIC,1pct_loss,1,10830315,349729998
hol_blocking,QUIC,1pct_loss,2,11554255,798260494
hol_blocking,QUIC,1pct_loss,3,10893474,622500370
hol_blocking,QUIC,1pct_loss,4,11642820,728388262
hol_blocking,QUIC,1pct_loss,5,11671904,607153404
hol_blocking,QUIC,1pct_loss,6,10376335,554330684
hol_blocking,QUIC,1pct_loss,7,11427660,719513727
hol_blocking,QUIC,1pct_loss,8,10431802,951281575
hol_blocking,QUIC,1pct_loss,9,11562033,972461541
hol_blocking,QUIC,1pct_loss,10,11186915,1068602156
hol_blocking,QUIC,1pct_loss,11,11287476,952420122
hol_blocking,QUIC,1pct_loss,12,16480415,1022913239
hol_blocking,QUIC,1pct_loss,13,12332361,861058942
hol_blocking,QUIC,1pct_loss,14,17692173,976997881
hol_blocking,QUIC,1pct_loss,15,11518896,1100916175
hol_blocking,QUIC,1pct_loss,16,11239964,828907149
hol_blocking,QUIC,1pct_loss,17,11552597,835457099
hol_blocking,QUIC,1pct_loss,18,10228383,783182672
hol_blocking,QUIC,1pct_loss,19,10260788,821765818
hol_blocking,QUIC,1pct_loss,20,10904849,886504977
hol_blocking,QUIC,1pct_loss,21,11328026,940783180
hol_blocking,QUIC,1pct_loss,22,11372831,807143726
hol_blocking,QUIC,1pct_loss,23,11467514,933756540
hol_blocking,QUIC,1pct_loss,24,12589881,1251702898
hol_blocking,QUIC,1pct_loss,25,12187982,809279193
hol_blocking,QUIC,1pct_loss,26,10238334,975051404
hol_blocking,QUIC,1pct_loss,27,11380164,678713388
hol_blocking,QUIC,1pct_loss,28,11486542,828999814
hol_blocking,QUIC,1pct_loss,29,11278869,786393040
hol_blocking,QUIC,1pct_loss,30,11499911,890971737
hol_blocking,TCP,5pct_loss,1,32495565,564541026
hol_blocking,TCP,5pct_loss,2,12372870,69404969
hol_blocking,TCP,5pct_loss,3,12316351,80530841
hol_blocking,TCP,5pct_loss,4,12494575,69146083
hol_blocking,TCP,5pct_loss,5,33477844,82794680
hol_blocking,TCP,5pct_loss,6,12680570,96879480
hol_blocking,TCP,5pct_loss,7,12316908,367163873
hol_blocking,TCP,5pct_loss,8,19069656,115589039
hol_blocking,TCP,5pct_loss,9,12209739,167552163
hol_blocking,TCP,5pct_loss,10,17662203,113055269
hol_blocking,TCP,5pct_loss,11,30469347,179488155
hol_blocking,TCP,5pct_loss,12,14818007,197568879
hol_blocking,TCP,5pct_loss,13,16918507,383739765
hol_blocking,TCP,5pct_loss,14,86226053,294894297
hol_blocking,TCP,5pct_loss,15,17616703,125747196
hol_blocking,TCP,5pct_loss,16,13219122,84489564
hol_blocking,TCP,5pct_loss,17,12354952,142378161
hol_blocking,TCP,5pct_loss,18,12312967,104636930
hol_blocking,TCP,5pct_loss,19,12349958,97499682
hol_blocking,TCP,5pct_loss,20,32449287,388798475
hol_blocking,TCP,5pct_loss,21,32649720,163912176
hol_blocking,TCP,5pct_loss,22,15617304,100094504
hol_blocking,TCP,5pct_loss,23,33367598,448827622
hol_blocking,TCP,5pct_loss,24,14640402,199827274
hol_blocking,TCP,5pct_loss,25,19469250,129929449
hol_blocking,TCP,5pct_loss,26,32348309,206904065
hol_blocking,TCP,5pct_loss,27,38484510,392756310
hol_blocking,TCP,5pct_loss,28,15339474,488924754
hol_blocking,TCP,5pct_loss,29,15844599,149500067
hol_blocking,TCP,5pct_loss,30,30286089,133177517
hol_blocking,QUIC,5pct_loss,1,10600745,2204295032
hol_blocking,QUIC,5pct_loss,2,16797055,1912460726
hol_blocking,QUIC,5pct_loss,3,15084831,1899115911
hol_blocking,QUIC,5pct_loss,4,16950178,2221133609
hol_blocking,QUIC,5pct_loss,5,12760318,2005516800
hol_blocking,QUIC,5pct_loss,6,14621160,2073444317
hol_blocking,QUIC,5pct_loss,7,15301270,2207573399
hol_blocking,QUIC,5pct_loss,8,16788661,2118940087
hol_blocking,QUIC,5pct_loss,9,30591825,2113667403
hol_blocking,QUIC,5pct_loss,10,12610517,2136794355
hol_blocking,QUIC,5pct_loss,11,17745885,2102943919
hol_blocking,QUIC,5pct_loss,12,10339402,2168280816
hol_blocking,QUIC,5pct_loss,13,17971774,2237469988
hol_blocking,QUIC,5pct_loss,14,13086086,2070069380
hol_blocking,QUIC,5pct_loss,15,10504971,2551179748
hol_blocking,QUIC,5pct_loss,16,29530445,2290177665
hol_blocking,QUIC,5pct_loss,17,17861133,1947651096
hol_blocking,QUIC,5pct_loss,18,10712738,1748293074
hol_blocking,QUIC,5pct_loss,19,17780688,2488217446
hol_blocking,QUIC,5pct_loss,20,12586052,1750229682
hol_blocking,QUIC,5pct_loss,21,17011112,2207498905
hol_blocking,QUIC,5pct_loss,22,10827248,2545927297
hol_blocking,QUIC,5pct_loss,23,30932916,2228495904
hol_blocking,QUIC,5pct_loss,24,16999168,2365736595
hol_blocking,QUIC,5pct_loss,25,17881310,1811930337
hol_blocking,QUIC,5pct_loss,26,16812944,1730921339
hol_blocking,QUIC,5pct_loss,27,38449615,2273532997
hol_blocking,QUIC,5pct_loss,28,12679056,2339056982
hol_blocking,QUIC,5pct_loss,29,30911352,1768502935
hol_blocking,QUIC,5pct_loss,30,11653911,2112820952
hol_blocking,TCP,wan,1,294011053,1782054646
hol_blocking,TCP,wan,2,101525138,1468387342
hol_blocking,TCP,wan,3,928203325,1472965724
hol_blocking,TCP,wan,4,106933310,1474517942
hol_blocking,TCP,wan,5,102392706,1473346124
hol_blocking,TCP,wan,6,110598847,1474754290
hol_blocking,TCP,wan,7,105859260,1474960584
hol_blocking,TCP,wan,8,108539226,1474860284
hol_blocking,TCP,wan,9,111966485,1446324600
hol_blocking,TCP,wan,10,105460310,1497491726
hol_blocking,TCP,wan,11,103934008,1436544889
hol_blocking,TCP,wan,12,250815049,1511172079
hol_blocking,TCP,wan,13,107101031,1486681508
hol_blocking,TCP,wan,14,109271686,1476435870
hol_blocking,TCP,wan,15,175856509,3274651295
hol_blocking,TCP,wan,16,168659294,1506291215
hol_blocking,TCP,wan,17,111375854,1476763207
hol_blocking,TCP,wan,18,107123730,1472002035
hol_blocking,TCP,wan,19,1032421168,1473224527
hol_blocking,TCP,wan,20,112059629,1467098267
hol_blocking,TCP,wan,21,110148237,1467011352
hol_blocking,TCP,wan,22,108599527,1480169456
hol_blocking,TCP,wan,23,109341060,1481936952
hol_blocking,TCP,wan,24,1287594976,1465638807
hol_blocking,TCP,wan,25,108928497,1499263821
hol_blocking,TCP,wan,26,107939975,1478829552
hol_blocking,TCP,wan,27,171087904,1467604220
hol_blocking,TCP,wan,28,108158405,1462582555
hol_blocking,TCP,wan,29,557864095,1469450342
hol_blocking,TCP,wan,30,101667331,1464133267
hol_blocking,QUIC,wan,1,22779772,2402832601
hol_blocking,QUIC,wan,2,49833116,4006073605
hol_blocking,QUIC,wan,3,44189100,4650599851
hol_blocking,QUIC,wan,4,52357076,4067756894
hol_blocking,QUIC,wan,5,43983116,3737324706
hol_blocking,QUIC,wan,6,40642588,3781507862
hol_blocking,QUIC,wan,7,51720969,4224077680
hol_blocking,QUIC,wan,8,29923279,3929800272
hol_blocking,QUIC,wan,9,50582037,3471380360
hol_blocking,QUIC,wan,10,51067644,3877278560
hol_blocking,QUIC,wan,11,46489528,4913265666
hol_blocking,QUIC,wan,12,47701324,3931722162
hol_blocking,QUIC,wan,13,39565834,3692994701
hol_blocking,QUIC,wan,14,49666158,4309553170
hol_blocking,QUIC,wan,15,42255749,3969344037
hol_blocking,QUIC,wan,16,41717400,4057236086
hol_blocking,QUIC,wan,17,71887042,3912869993
hol_blocking,QUIC,wan,18,39966548,3394573121
hol_blocking,QUIC,wan,19,49313517,3884757260
hol_blocking,QUIC,wan,20,46928922,3729962527
hol_blocking,QUIC,wan,21,24791768,4140681412
hol_blocking,QUIC,wan,22,43172069,3970123980
hol_blocking,QUIC,wan,23,51302312,3079664243
hol_blocking,QUIC,wan,24,52938352,3580815496
hol_blocking,QUIC,wan,25,40660661,3581484419
hol_blocking,QUIC,wan,26,43765831,2978561210
hol_blocking,QUIC,wan,27,41952144,4260828849
hol_blocking,QUIC,wan,28,50051588,3720029828
hol_blocking,QUIC,wan,29,42389670,4351076580
hol_blocking,QUIC,wan,30,51870150,4369773390
hol_blocking,TCP,harsh,1,55913419,3483141421
hol_blocking,TCP,harsh,2,383696428,2871271999
hol_blocking,TCP,harsh,3,1521731777,2923055286
hol_blocking,TCP,harsh,4,207141588,3078079842
hol_blocking,TCP,harsh,5,1108927226,3107707282
hol_blocking,TCP,harsh,6,190480295,3035519209
hol_blocking,TCP,harsh,7,245815718,3075066828
hol_blocking,TCP,harsh,8,303064836,3255055480
hol_blocking,TCP,harsh,9,273097000,4393122722
hol_blocking,TCP,harsh,10,209906099,3091246337
hol_blocking,TCP,harsh,11,487372633,3102105033
hol_blocking,TCP,harsh,12,196156487,3325211670
hol_blocking,TCP,harsh,13,431902944,3229370987
hol_blocking,TCP,harsh,14,63467127,3255581849
hol_blocking,TCP,harsh,15,891526994,3286048292
hol_blocking,TCP,harsh,16,366277901,2918959007
hol_blocking,TCP,harsh,17,61118427,2922744909
hol_blocking,TCP,harsh,18,202540437,2946213631
hol_blocking,TCP,harsh,19,1393400337,2994269645
hol_blocking,TCP,harsh,20,187223479,2973262976
hol_blocking,TCP,harsh,21,192019976,2976197252
hol_blocking,TCP,harsh,22,210229960,3004498235
hol_blocking,TCP,harsh,23,205683975,6571764827
hol_blocking,TCP,harsh,24,209711771,3068107146
hol_blocking,TCP,harsh,25,203013830,2966764952
hol_blocking,TCP,harsh,26,683715755,3155637082
hol_blocking,TCP,harsh,27,416861407,3135002803
hol_blocking,TCP,harsh,28,206104642,3079992210
hol_blocking,TCP,harsh,29,199909116,2927435700
hol_blocking,TCP,harsh,30,206717390,2935648642
hol_blocking,QUIC,harsh,1,105752459,12754820661
hol_blocking,QUIC,harsh,2,100213036,14153251899
hol_blocking,QUIC,harsh,3,204933467,13087307767
hol_blocking,QUIC,harsh,4,44934904,10799195146
hol_blocking,QUIC,harsh,5,91940366,13201279509
hol_blocking,QUIC,harsh,6,107538316,13053726850
hol_blocking,QUIC,harsh,7,112343555,14788887982
hol_blocking,QUIC,harsh,8,77067727,10353202927
hol_blocking,QUIC,harsh,9,98499671,11321706199
hol_blocking,QUIC,harsh,10,74638525,11523678875
hol_blocking,QUIC,harsh,11,100233122,12838174887
hol_blocking,QUIC,harsh,12,86922847,10113446505
hol_blocking,QUIC,harsh,13,70939841,12606541621
hol_blocking,QUIC,harsh,14,84123777,14701262299
hol_blocking,QUIC,harsh,15,244727204,11349187726
hol_blocking,QUIC,harsh,16,102408729,13092420197
hol_blocking,QUIC,harsh,17,234721008,12800352301
hol_blocking,QUIC,harsh,18,73593600,14518910389
hol_blocking,QUIC,harsh,19,67103610,13308315640
hol_blocking,QUIC,harsh,20,76604644,11451680749
hol_blocking,QUIC,harsh,21,93394584,11228066838
hol_blocking,QUIC,harsh,22,101397155,10301469040
hol_blocking,QUIC,harsh,23,92114119,11519747364
hol_blocking,QUIC,harsh,24,87521128,12491061380
hol_blocking,QUIC,harsh,25,325004387,13461602612
hol_blocking,QUIC,harsh,26,41463017,10993556027
hol_blocking,QUIC,harsh,27,92775955,12319005270
hol_blocking,QUIC,harsh,28,92453160,12539018286
hol_blocking,QUIC,harsh,29,97170292,13228057855
hol_blocking,QUIC,harsh,30,110142331,10818018362
