benchmark,transport,scenario,payload_size,sample,duration_ns,throughput_mbps
payload_scaling,TCP,localhost,128B,1,548194,0.2335
payload_scaling,TCP,localhost,128B,2,154592,0.8280
payload_scaling,TCP,localhost,128B,3,234119,0.5467
payload_scaling,TCP,localhost,128B,4,151047,0.8474
payload_scaling,TCP,localhost,128B,5,154738,0.8272
payload_scaling,TCP,localhost,128B,6,163277,0.7839
payload_scaling,TCP,localhost,128B,7,154700,0.8274
payload_scaling,TCP,localhost,128B,8,168546,0.7594
payload_scaling,TCP,localhost,128B,9,100045,1.2794
payload_scaling,TCP,localhost,128B,10,103480,1.2370
payload_scaling,TCP,localhost,128B,11,114577,1.1172
payload_scaling,TCP,localhost,128B,12,110695,1.1563
payload_scaling,TCP,localhost,128B,13,93897,1.3632
payload_scaling,TCP,localhost,128B,14,93683,1.3663
payload_scaling,TCP,localhost,128B,15,96131,1.3315
payload_scaling,TCP,localhost,128B,16,110011,1.1635
payload_scaling,TCP,localhost,128B,17,72902,1.7558
payload_scaling,TCP,localhost,128B,18,90087,1.4208
payload_scaling,TCP,localhost,128B,19,70984,1.8032
payload_scaling,TCP,localhost,128B,20,25995,4.9240
payload_scaling,TCP,localhost,128B,21,24184,5.2928
payload_scaling,TCP,localhost,128B,22,23715,5.3974
payload_scaling,TCP,localhost,128B,23,23756,5.3881
payload_scaling,TCP,localhost,128B,24,29549,4.3318
payload_scaling,TCP,localhost,128B,25,23855,5.3658
payload_scaling,TCP,localhost,128B,26,24199,5.2895
payload_scaling,TCP,localhost,128B,27,24136,5.3033
payload_scaling,TCP,localhost,128B,28,23950,5.3445
payload_scaling,TCP,localhost,128B,29,24255,5.2773
payload_scaling,TCP,localhost,128B,30,29257,4.3750
payload_scaling,TCP,localhost,128B,31,23875,5.3613
payload_scaling,TCP,localhost,128B,32,34993,3.6579
payload_scaling,TCP,localhost,128B,33,24588,5.2058
payload_scaling,TCP,localhost,128B,34,25418,5.0358
payload_scaling,TCP,localhost,128B,35,24379,5.2504
payload_scaling,TCP,localhost,128B,36,30406,4.2097
payload_scaling,TCP,localhost,128B,37,23188,5.5201
payload_scaling,TCP,localhost,128B,38,25235,5.0723
payload_scaling,TCP,localhost,128B,39,25684,4.9836
payload_scaling,TCP,localhost,128B,40,24848,5.1513
payload_scaling,TCP,localhost,128B,41,23644,5.4136
payload_scaling,TCP,localhost,128B,42,29818,4.2927
payload_scaling,TCP,localhost,128B,43,24610,5.2011
payload_scaling,TCP,localhost,128B,44,25143,5.0909
payload_scaling,TCP,localhost,128B,45,23702,5.4004
payload_scaling,TCP,localhost,128B,46,23799,5.3784
payload_scaling,TCP,localhost,128B,47,24061,5.3198
payload_scaling,TCP,localhost,128B,48,31188,4.1041
payload_scaling,TCP,localhost,128B,49,45066,2.8403
payload_scaling,TCP,localhost,128B,50,31229,4.0988
payload_scaling,TCP,localhost,1KB,1,59868,17.1043
payload_scaling,TCP,localhost,1KB,2,49647,20.6256
payload_scaling,TCP,localhost,1KB,3,41307,24.7900
payload_scaling,TCP,localhost,1KB,4,47404,21.6016
payload_scaling,TCP,localhost,1KB,5,43778,23.3907
payload_scaling,TCP,localhost,1KB,6,42640,24.0150
payload_scaling,TCP,localhost,1KB,7,41878,24.4520
payload_scaling,TCP,localhost,1KB,8,48107,21.2859
payload_scaling,TCP,localhost,1KB,9,57602,17.7772
payload_scaling,TCP,localhost,1KB,10,48511,21.1086
payload_scaling,TCP,localhost,1KB,11,41119,24.9033
payload_scaling,TCP,localhost,1KB,12,42032,24.3624
payload_scaling,TCP,localhost,1KB,13,125141,8.1828
payload_scaling,TCP,localhost,1KB,14,73010,14.0255
payload_scaling,TCP,localhost,1KB,15,120653,8.4871
payload_scaling,TCP,localhost,1KB,16,276028,3.7098
payload_scaling,TCP,localhost,1KB,17,214780,4.7677
payload_scaling,TCP,localhost,1KB,18,373151,2.7442
payload_scaling,TCP,localhost,1KB,19,294427,3.4779
payload_scaling,TCP,localhost,1KB,20,188679,5.4272
payload_scaling,TCP,localhost,1KB,21,173040,5.9177
payload_scaling,TCP,localhost,1KB,22,137038,7.4724
payload_scaling,TCP,localhost,1KB,23,163009,6.2819
payload_scaling,TCP,localhost,1KB,24,137093,7.4694
payload_scaling,TCP,localhost,1KB,25,136639,7.4942
payload_scaling,TCP,localhost,1KB,26,133333,7.6800
payload_scaling,TCP,localhost,1KB,27,119568,8.5642
payload_scaling,TCP,localhost,1KB,28,118457,8.6445
payload_scaling,TCP,localhost,1KB,29,182367,5.6151
payload_scaling,TCP,localhost,1KB,30,132490,7.7289
payload_scaling,TCP,localhost,1KB,31,228588,4.4797
payload_scaling,TCP,localhost,1KB,32,155790,6.5730
payload_scaling,TCP,localhost,1KB,33,117261,8.7327
payload_scaling,TCP,localhost,1KB,34,131751,7.7722
payload_scaling,TCP,localhost,1KB,35,128519,7.9677
payload_scaling,TCP,localhost,1KB,36,285584,3.5856
payload_scaling,TCP,localhost,1KB,37,250787,4.0831
payload_scaling,TCP,localhost,1KB,38,191928,5.3353
payload_scaling,TCP,localhost,1KB,39,199153,5.1418
payload_scaling,TCP,localhost,1KB,40,148444,6.8982
payload_scaling,TCP,localhost,1KB,41,228381,4.4837
payload_scaling,TCP,localhost,1KB,42,114610,8.9346
payload_scaling,TCP,localhost,1KB,43,188661,5.4277
payload_scaling,TCP,localhost,1KB,44,152446,6.7171
payload_scaling,TCP,localhost,1KB,45,92222,11.1036
payload_scaling,TCP,localhost,1KB,46,109252,9.3728
payload_scaling,TCP,localhost,1KB,47,148702,6.8863
payload_scaling,TCP,localhost,1KB,48,191131,5.3576
payload_scaling,TCP,localhost,1KB,49,132879,7.7063
payload_scaling,TCP,localhost,1KB,50,117619,8.7061
payload_scaling,TCP,localhost,16KB,1,531042,30.8526
payload_scaling,TCP,localhost,16KB,2,450872,36.3385
payload_scaling,TCP,localhost,16KB,3,482372,33.9655
payload_scaling,TCP,localhost,16KB,4,450822,36.3425
payload_scaling,TCP,localhost,16KB,5,1525143,10.7426
payload_scaling,TCP,localhost,16KB,6,2339112,7.0044
payload_scaling,TCP,localhost,16KB,7,2718748,6.0263
payload_scaling,TCP,localhost,16KB,8,360516,45.4460
payload_scaling,TCP,localhost,16KB,9,297344,55.1012
payload_scaling,TCP,localhost,16KB,10,288367,56.8165
payload_scaling,TCP,localhost,16KB,11,279450,58.6295
payload_scaling,TCP,localhost,16KB,12,353153,46.3935
payload_scaling,TCP,localhost,16KB,13,383869,42.6812
payload_scaling,TCP,localhost,16KB,14,371101,44.1497
payload_scaling,TCP,localhost,16KB,15,377182,43.4379
payload_scaling,TCP,localhost,16KB,16,320311,51.1503
payload_scaling,TCP,localhost,16KB,17,330593,49.5594
payload_scaling,TCP,localhost,16KB,18,275518,59.4662
payload_scaling,TCP,localhost,16KB,19,308112,53.1755
payload_scaling,TCP,localhost,16KB,20,289798,56.5359
payload_scaling,TCP,localhost,16KB,21,333019,49.1984
payload_scaling,TCP,localhost,16KB,22,386594,42.3804
payload_scaling,TCP,localhost,16KB,23,348960,46.9509
payload_scaling,TCP,localhost,16KB,24,361094,45.3732
payload_scaling,TCP,localhost,16KB,25,374897,43.7027
payload_scaling,TCP,localhost,16KB,26,415725,39.4107
payload_scaling,TCP,localhost,16KB,27,389470,42.0674
payload_scaling,TCP,localhost,16KB,28,349560,46.8704
payload_scaling,TCP,localhost,16KB,29,2167594,7.5586
payload_scaling,TCP,localhost,16KB,30,370119,44.2668
payload_scaling,TCP,localhost,16KB,31,326860,50.1254
payload_scaling,TCP,localhost,16KB,32,529701,30.9307
payload_scaling,TCP,localhost,16KB,33,480685,34.0847
payload_scaling,TCP,localhost,16KB,34,614989,26.6411
payload_scaling,TCP,localhost,16KB,35,529667,30.9326
payload_scaling,TCP,localhost,16KB,36,596939,27.4467
payload_scaling,TCP,localhost,16KB,37,478718,34.2247
payload_scaling,TCP,localhost,16KB,38,661891,24.7533
payload_scaling,TCP,localhost,16KB,39,631920,25.9273
payload_scaling,TCP,localhost,16KB,40,668493,24.5089
payload_scaling,TCP,localhost,16KB,41,611687,26.7849
payload_scaling,TCP,localhost,16KB,42,664336,24.6622
payload_scaling,TCP,localhost,16KB,43,589988,27.7701
payload_scaling,TCP,localhost,16KB,44,561211,29.1940
payload_scaling,TCP,localhost,16KB,45,583879,28.0606
payload_scaling,TCP,localhost,16KB,46,649677,25.2187
payload_scaling,TCP,localhost,16KB,47,847316,19.3364
payload_scaling,TCP,localhost,16KB,48,626782,26.1399
payload_scaling,TCP,localhost,16KB,49,423688,38.6700
payload_scaling,TCP,localhost,16KB,50,352829,46.4361
payload_scaling,TCP,localhost,64KB,1,1361979,48.1182
payload_scaling,TCP,localhost,64KB,2,1112315,58.9186
payload_scaling,TCP,localhost,64KB,3,1150871,56.9447
payload_scaling,TCP,localhost,64KB,4,3021591,21.6892
payload_scaling,TCP,localhost,64KB,5,1557780,42.0701
payload_scaling,TCP,localhost,64KB,6,1476244,44.3937
payload_scaling,TCP,localhost,64KB,7,6355631,10.3115
payload_scaling,TCP,localhost,64KB,8,4487243,14.6050
payload_scaling,TCP,localhost,64KB,9,2906955,22.5446
payload_scaling,TCP,localhost,64KB,10,1504585,43.5575
payload_scaling,TCP,localhost,64KB,11,1028132,63.7428
payload_scaling,TCP,localhost,64KB,12,1128754,58.0605
payload_scaling,TCP,localhost,64KB,13,2472404,26.5070
payload_scaling,TCP,localhost,64KB,14,2862956,22.8910
payload_scaling,TCP,localhost,64KB,15,1527120,42.9148
payload_scaling,TCP,localhost,64KB,16,5238030,12.5116
payload_scaling,TCP,localhost,64KB,17,2953870,22.1865
payload_scaling,TCP,localhost,64KB,18,2099250,31.2188
payload_scaling,TCP,localhost,64KB,19,1008546,64.9807
payload_scaling,TCP,localhost,64KB,20,1271222,51.5535
payload_scaling,TCP,localhost,64KB,21,1933424,33.8963
payload_scaling,TCP,localhost,64KB,22,1777860,36.8623
payload_scaling,TCP,localhost,64KB,23,5488297,11.9410
payload_scaling,TCP,localhost,64KB,24,1164776,56.2649
payload_scaling,TCP,localhost,64KB,25,1097212,59.7296
payload_scaling,TCP,localhost,64KB,26,8769398,7.4733
payload_scaling,TCP,localhost,64KB,27,1358536,48.2402
payload_scaling,TCP,localhost,64KB,28,3389272,19.3363
payload_scaling,TCP,localhost,64KB,29,1038186,63.1255
payload_scaling,TCP,localhost,64KB,30,1018636,64.3370
payload_scaling,TCP,localhost,64KB,31,1097322,59.7236
payload_scaling,TCP,localhost,64KB,32,1299601,50.4278
payload_scaling,TCP,localhost,64KB,33,4952581,13.2327
payload_scaling,TCP,localhost,64KB,34,5077934,12.9060
payload_scaling,TCP,localhost,64KB,35,1009519,64.9180
payload_scaling,TCP,localhost,64KB,36,1022921,64.0675
payload_scaling,TCP,localhost,64KB,37,6107310,10.7307
payload_scaling,TCP,localhost,64KB,38,1359648,48.2007
payload_scaling,TCP,localhost,64KB,39,1424611,46.0027
payload_scaling,TCP,localhost,64KB,40,4840894,13.5380
payload_scaling,TCP,localhost,64KB,41,1125859,58.2098
payload_scaling,TCP,localhost,64KB,42,4092665,16.0130
payload_scaling,TCP,localhost,64KB,43,4696941,13.9529
payload_scaling,TCP,localhost,64KB,44,3407860,19.2308
payload_scaling,TCP,localhost,64KB,45,1110725,59.0029
payload_scaling,TCP,localhost,64KB,46,1037022,63.1963
payload_scaling,TCP,localhost,64KB,47,1027436,63.7860
payload_scaling,TCP,localhost,64KB,48,15811216,4.1449
payload_scaling,TCP,localhost,64KB,49,7282306,8.9993
payload_scaling,TCP,localhost,64KB,50,1733976,37.7952
payload_scaling,QUIC,localhost,128B,1,193023,0.6631
payload_scaling,QUIC,localhost,128B,2,25600,5.0000
payload_scaling,QUIC,localhost,128B,3,17937,7.1361
payload_scaling,QUIC,localhost,128B,4,17191,7.4458
payload_scaling,QUIC,localhost,128B,5,22098,5.7924
payload_scaling,QUIC,localhost,128B,6,20898,6.1250
payload_scaling,QUIC,localhost,128B,7,501529,0.2552
payload_scaling,QUIC,localhost,128B,8,22739,5.6291
payload_scaling,QUIC,localhost,128B,9,12936,9.8949
payload_scaling,QUIC,localhost,128B,10,12337,10.3753
payload_scaling,QUIC,localhost,128B,11,12965,9.8727
payload_scaling,QUIC,localhost,128B,12,12491,10.2474
payload_scaling,QUIC,localhost,128B,13,153425,0.8343
payload_scaling,QUIC,localhost,128B,14,62596,2.0449
payload_scaling,QUIC,localhost,128B,15,13585,9.4222
payload_scaling,QUIC,localhost,128B,16,20813,6.1500
payload_scaling,QUIC,localhost,128B,17,22899,5.5898
payload_scaling,QUIC,localhost,128B,18,17467,7.3281
payload_scaling,QUIC,localhost,128B,19,9081,14.0954
payload_scaling,QUIC,localhost,128B,20,7644,16.7452
payload_scaling,QUIC,localhost,128B,21,45849,2.7918
payload_scaling,QUIC,localhost,128B,22,7796,16.4187
payload_scaling,QUIC,localhost,128B,23,112855,1.1342
payload_scaling,QUIC,localhost,128B,24,8250,15.5152
payload_scaling,QUIC,localhost,128B,25,7407,17.2810
payload_scaling,QUIC,localhost,128B,26,7718,16.5846
payload_scaling,QUIC,localhost,128B,27,6943,18.4358
payload_scaling,QUIC,localhost,128B,28,6988,18.3171
payload_scaling,QUIC,localhost,128B,29,90209,1.4189
payload_scaling,QUIC,localhost,128B,30,9950,12.8643
payload_scaling,QUIC,localhost,128B,31,7493,17.0826
payload_scaling,QUIC,localhost,128B,32,6806,18.8069
payload_scaling,QUIC,localhost,128B,33,7043,18.1741
payload_scaling,QUIC,localhost,128B,34,6931,18.4678
payload_scaling,QUIC,localhost,128B,35,1098900,0.1165
payload_scaling,QUIC,localhost,128B,36,15474,8.2719
payload_scaling,QUIC,localhost,128B,37,12367,10.3501
payload_scaling,QUIC,localhost,128B,38,11578,11.0554
payload_scaling,QUIC,localhost,128B,39,13012,9.8371
payload_scaling,QUIC,localhost,128B,40,12359,10.3568
payload_scaling,QUIC,localhost,128B,41,191878,0.6671
payload_scaling,QUIC,localhost,128B,42,16838,7.6019
payload_scaling,QUIC,localhost,128B,43,11407,11.2212
payload_scaling,QUIC,localhost,128B,44,12925,9.9033
payload_scaling,QUIC,localhost,128B,45,11386,11.2419
payload_scaling,QUIC,localhost,128B,46,11826,10.8236
payload_scaling,QUIC,localhost,128B,47,129531,0.9882
payload_scaling,QUIC,localhost,128B,48,13972,9.1612
payload_scaling,QUIC,localhost,128B,49,12409,10.3151
payload_scaling,QUIC,localhost,128B,50,12470,10.2646
payload_scaling,QUIC,localhost,1KB,1,168313,6.0839
payload_scaling,QUIC,localhost,1KB,2,287234,3.5650
payload_scaling,QUIC,localhost,1KB,3,64679,15.8320
payload_scaling,QUIC,localhost,1KB,4,315278,3.2479
payload_scaling,QUIC,localhost,1KB,5,311798,3.2842
payload_scaling,QUIC,localhost,1KB,6,159044,6.4385
payload_scaling,QUIC,localhost,1KB,7,2117009,0.4837
payload_scaling,QUIC,localhost,1KB,8,1171961,0.8737
payload_scaling,QUIC,localhost,1KB,9,210383,4.8673
payload_scaling,QUIC,localhost,1KB,10,34114,30.0170
payload_scaling,QUIC,localhost,1KB,11,193541,5.2909
payload_scaling,QUIC,localhost,1KB,12,2562896,0.3995
payload_scaling,QUIC,localhost,1KB,13,150409,6.8081
payload_scaling,QUIC,localhost,1KB,14,1226339,0.8350
payload_scaling,QUIC,localhost,1KB,15,178373,5.7408
payload_scaling,QUIC,localhost,1KB,16,144315,7.0956
payload_scaling,QUIC,localhost,1KB,17,184817,5.5406
payload_scaling,QUIC,localhost,1KB,18,163822,6.2507
payload_scaling,QUIC,localhost,1KB,19,163478,6.2638
payload_scaling,QUIC,localhost,1KB,20,136193,7.5187
payload_scaling,QUIC,localhost,1KB,21,277857,3.6853
payload_scaling,QUIC,localhost,1KB,22,163054,6.2801
payload_scaling,QUIC,localhost,1KB,23,131815,7.7685
payload_scaling,QUIC,localhost,1KB,24,54373,18.8329
payload_scaling,QUIC,localhost,1KB,25,58469,17.5136
payload_scaling,QUIC,localhost,1KB,26,155615,6.5803
payload_scaling,QUIC,localhost,1KB,27,445096,2.3006
payload_scaling,QUIC,localhost,1KB,28,218328,4.6902
payload_scaling,QUIC,localhost,1KB,29,34397,29.7700
payload_scaling,QUIC,localhost,1KB,30,5006377,0.2045
payload_scaling,QUIC,localhost,1KB,31,171142,5.9833
payload_scaling,QUIC,localhost,1KB,32,62265,16.4458
payload_scaling,QUIC,localhost,1KB,33,82046,12.4808
payload_scaling,QUIC,localhost,1KB,34,30392,33.6931
payload_scaling,QUIC,localhost,1KB,35,208271,4.9167
payload_scaling,QUIC,localhost,1KB,36,68272,14.9988
payload_scaling,QUIC,localhost,1KB,37,95582,10.7133
payload_scaling,QUIC,localhost,1KB,38,148209,6.9092
payload_scaling,QUIC,localhost,1KB,39,189772,5.3959
payload_scaling,QUIC,localhost,1KB,40,29990,34.1447
payload_scaling,QUIC,localhost,1KB,41,220706,4.6397
payload_scaling,QUIC,localhost,1KB,42,312500,3.2768
payload_scaling,QUIC,localhost,1KB,43,28600,35.8042
payload_scaling,QUIC,localhost,1KB,44,178586,5.7339
payload_scaling,QUIC,localhost,1KB,45,99271,10.3152
payload_scaling,QUIC,localhost,1KB,46,37722,27.1460
payload_scaling,QUIC,localhost,1KB,47,157168,6.5153
payload_scaling,QUIC,localhost,1KB,48,243218,4.2102
payload_scaling,QUIC,localhost,1KB,49,32006,31.9940
payload_scaling,QUIC,localhost,1KB,50,97183,10.5368
payload_scaling,QUIC,localhost,16KB,1,955527,17.1466
payload_scaling,QUIC,localhost,16KB,2,3074879,5.3283
payload_scaling,QUIC,localhost,16KB,3,1154504,14.1914
payload_scaling,QUIC,localhost,16KB,4,3199032,5.1215
payload_scaling,QUIC,localhost,16KB,5,602697,27.1845
payload_scaling,QUIC,localhost,16KB,6,2505836,6.5383
payload_scaling,QUIC,localhost,16KB,7,635952,25.7630
payload_scaling,QUIC,localhost,16KB,8,678376,24.1518
payload_scaling,QUIC,localhost,16KB,9,582691,28.1178
payload_scaling,QUIC,localhost,16KB,10,3514309,4.6621
payload_scaling,QUIC,localhost,16KB,11,525927,31.1526
payload_scaling,QUIC,localhost,16KB,12,648820,25.2520
payload_scaling,QUIC,localhost,16KB,13,6689117,2.4494
payload_scaling,QUIC,localhost,16KB,14,1336549,12.2584
payload_scaling,QUIC,localhost,16KB,15,6475008,2.5303
payload_scaling,QUIC,localhost,16KB,16,858190,19.0913
payload_scaling,QUIC,localhost,16KB,17,841760,19.4640
payload_scaling,QUIC,localhost,16KB,18,836101,19.5957
payload_scaling,QUIC,localhost,16KB,19,794485,20.6222
payload_scaling,QUIC,localhost,16KB,20,854896,19.1649
payload_scaling,QUIC,localhost,16KB,21,3473737,4.7165
payload_scaling,QUIC,localhost,16KB,22,1894730,8.6471
payload_scaling,QUIC,localhost,16KB,23,2213655,7.4013
payload_scaling,QUIC,localhost,16KB,24,792613,20.6709
payload_scaling,QUIC,localhost,16KB,25,3285169,4.9873
payload_scaling,QUIC,localhost,16KB,26,687159,23.8431
payload_scaling,QUIC,localhost,16KB,27,3428975,4.7781
payload_scaling,QUIC,localhost,16KB,28,1004695,16.3074
payload_scaling,QUIC,localhost,16KB,29,1035514,15.8221
payload_scaling,QUIC,localhost,16KB,30,3913294,4.1868
payload_scaling,QUIC,localhost,16KB,31,1291999,12.6811
payload_scaling,QUIC,localhost,16KB,32,1026335,15.9636
payload_scaling,QUIC,localhost,16KB,33,978117,16.7506
payload_scaling,QUIC,localhost,16KB,34,481331,34.0389
payload_scaling,QUIC,localhost,16KB,35,1229119,13.3299
payload_scaling,QUIC,localhost,16KB,36,1612123,10.1630
payload_scaling,QUIC,localhost,16KB,37,851813,19.2343
payload_scaling,QUIC,localhost,16KB,38,531132,30.8473
payload_scaling,QUIC,localhost,16KB,39,608419,26.9288
payload_scaling,QUIC,localhost,16KB,40,448811,36.5053
payload_scaling,QUIC,localhost,16KB,41,4458862,3.6745
payload_scaling,QUIC,localhost,16KB,42,3144313,5.2107
payload_scaling,QUIC,localhost,16KB,43,2339434,7.0034
payload_scaling,QUIC,localhost,16KB,44,803396,20.3934
payload_scaling,QUIC,localhost,16KB,45,591473,27.7003
payload_scaling,QUIC,localhost,16KB,46,1263454,12.9676
payload_scaling,QUIC,localhost,16KB,47,4300874,3.8095
payload_scaling,QUIC,localhost,16KB,48,802639,20.4127
payload_scaling,QUIC,localhost,16KB,49,1067201,15.3523
payload_scaling,QUIC,localhost,16KB,50,1005582,16.2931
payload_scaling,QUIC,localhost,64KB,1,2732681,23.9823
payload_scaling,QUIC,localhost,64KB,2,3050218,21.4857
payload_scaling,QUIC,localhost,64KB,3,2785206,23.5300
payload_scaling,QUIC,localhost,64KB,4,5055562,12.9631
payload_scaling,QUIC,localhost,64KB,5,6874276,9.5335
payload_scaling,QUIC,localhost,64KB,6,2041326,32.1046
payload_scaling,QUIC,localhost,64KB,7,3770526,17.3811
payload_scaling,QUIC,localhost,64KB,8,9722894,6.7404
payload_scaling,QUIC,localhost,64KB,9,5135801,12.7606
payload_scaling,QUIC,localhost,64KB,10,2891462,22.6654
payload_scaling,QUIC,localhost,64KB,11,2529995,25.9036
payload_scaling,QUIC,localhost,64KB,12,2755893,23.7803
payload_scaling,QUIC,localhost,64KB,13,9029659,7.2579
payload_scaling,QUIC,localhost,64KB,14,3555630,18.4316
payload_scaling,QUIC,localhost,64KB,15,2216595,29.5661
payload_scaling,QUIC,localhost,64KB,16,4335216,15.1171
payload_scaling,QUIC,localhost,64KB,17,2046032,32.0308
payload_scaling,QUIC,localhost,64KB,18,7992125,8.2001
payload_scaling,QUIC,localhost,64KB,19,4725705,13.8680
payload_scaling,QUIC,localhost,64KB,20,2368678,27.6678
payload_scaling,QUIC,localhost,64KB,21,3717371,17.6297
payload_scaling,QUIC,localhost,64KB,22,2851700,22.9814
payload_scaling,QUIC,localhost,64KB,23,2787355,23.5119
payload_scaling,QUIC,localhost,64KB,24,3476467,18.8513
payload_scaling,QUIC,localhost,64KB,25,4218015,15.5372
payload_scaling,QUIC,localhost,64KB,26,4110587,15.9432
payload_scaling,QUIC,localhost,64KB,27,2315147,28.3075
payload_scaling,QUIC,localhost,64KB,28,2649674,24.7336
payload_scaling,QUIC,localhost,64KB,29,2623949,24.9761
payload_scaling,QUIC,localhost,64KB,30,3288667,19.9278
payload_scaling,QUIC,localhost,64KB,31,7016506,9.3403
payload_scaling,QUIC,localhost,64KB,32,6321189,10.3677
payload_scaling,QUIC,localhost,64KB,33,2298241,28.5157
payload_scaling,QUIC,localhost,64KB,34,2413377,27.1553
payload_scaling,QUIC,localhost,64KB,35,17540912,3.7362
payload_scaling,QUIC,localhost,64KB,36,4669708,14.0343
payload_scaling,QUIC,localhost,64KB,37,2473171,26.4988
payload_scaling,QUIC,localhost,64KB,38,2025693,32.3524
payload_scaling,QUIC,localhost,64KB,39,2557563,25.6244
payload_scaling,QUIC,localhost,64KB,40,6635485,9.8766
payload_scaling,QUIC,localhost,64KB,41,4402329,14.8867
payload_scaling,QUIC,localhost,64KB,42,2498863,26.2263
payload_scaling,QUIC,localhost,64KB,43,4598973,14.2501
payload_scaling,QUIC,localhost,64KB,44,5880260,11.1451
payload_scaling,QUIC,localhost,64KB,45,7567781,8.6599
payload_scaling,QUIC,localhost,64KB,46,4627732,14.1616
payload_scaling,QUIC,localhost,64KB,47,3330984,19.6747
payload_scaling,QUIC,localhost,64KB,48,3729061,17.5744
payload_scaling,QUIC,localhost,64KB,49,7079688,9.2569
payload_scaling,QUIC,localhost,64KB,50,3016327,21.7271
payload_scaling,TCP,10ms,128B,1,158465,0.8077
payload_scaling,TCP,10ms,128B,2,57627,2.2212
payload_scaling,TCP,10ms,128B,3,56230,2.2764
payload_scaling,TCP,10ms,128B,4,56158,2.2793
payload_scaling,TCP,10ms,128B,5,53988,2.3709
payload_scaling,TCP,10ms,128B,6,27337,4.6823
payload_scaling,TCP,10ms,128B,7,24383,5.2496
payload_scaling,TCP,10ms,128B,8,24811,5.1590
payload_scaling,TCP,10ms,128B,9,69977,1.8292
payload_scaling,TCP,10ms,128B,10,23938,5.3471
payload_scaling,TCP,10ms,128B,11,27363,4.6778
payload_scaling,TCP,10ms,128B,12,24013,5.3304
payload_scaling,TCP,10ms,128B,13,24051,5.3220
payload_scaling,TCP,10ms,128B,14,23624,5.4182
payload_scaling,TCP,10ms,128B,15,25757,4.9695
payload_scaling,TCP,10ms,128B,16,24522,5.2198
payload_scaling,TCP,10ms,128B,17,23747,5.3902
payload_scaling,TCP,10ms,128B,18,136634,0.9368
payload_scaling,TCP,10ms,128B,19,24288,5.2701
payload_scaling,TCP,10ms,128B,20,91047,1.4059
payload_scaling,TCP,10ms,128B,21,24177,5.2943
payload_scaling,TCP,10ms,128B,22,85160,1.5031
payload_scaling,TCP,10ms,128B,23,28158,4.5458
payload_scaling,TCP,10ms,128B,24,72040,1.7768
payload_scaling,TCP,10ms,128B,25,23739,5.3920
payload_scaling,TCP,10ms,128B,26,25222,5.0749
payload_scaling,TCP,10ms,128B,27,37841,3.3826
payload_scaling,TCP,10ms,128B,28,24857,5.1495
payload_scaling,TCP,10ms,128B,29,24285,5.2707
payload_scaling,TCP,10ms,128B,30,23510,5.4445
payload_scaling,TCP,10ms,128B,31,23665,5.4088
payload_scaling,TCP,10ms,128B,32,43416,2.9482
payload_scaling,TCP,10ms,128B,33,23967,5.3407
payload_scaling,TCP,10ms,128B,34,23396,5.4710
payload_scaling,TCP,10ms,128B,35,30421,4.2076
payload_scaling,TCP,10ms,128B,36,28467,4.4964
payload_scaling,TCP,10ms,128B,37,26729,4.7888
payload_scaling,TCP,10ms,128B,38,23821,5.3734
payload_scaling,TCP,10ms,128B,39,23935,5.3478
payload_scaling,TCP,10ms,128B,40,54688,2.3406
payload_scaling,TCP,10ms,128B,41,25709,4.9788
payload_scaling,TCP,10ms,128B,42,24039,5.3247
payload_scaling,TCP,10ms,128B,43,24651,5.1925
payload_scaling,TCP,10ms,128B,44,24696,5.1830
payload_scaling,TCP,10ms,128B,45,24162,5.2976
payload_scaling,TCP,10ms,128B,46,23710,5.3986
payload_scaling,TCP,10ms,128B,47,29428,4.3496
payload_scaling,TCP,10ms,128B,48,23687,5.4038
payload_scaling,TCP,10ms,128B,49,23837,5.3698
payload_scaling,TCP,10ms,128B,50,33142,3.8622
payload_scaling,TCP,10ms,1KB,1,61410,16.6748
payload_scaling,TCP,10ms,1KB,2,56238,18.2083
payload_scaling,TCP,10ms,1KB,3,37561,27.2623
payload_scaling,TCP,10ms,1KB,4,37873,27.0377
payload_scaling,TCP,10ms,1KB,5,52661,19.4451
payload_scaling,TCP,10ms,1KB,6,37085,27.6122
payload_scaling,TCP,10ms,1KB,7,43347,23.6233
payload_scaling,TCP,10ms,1KB,8,71449,14.3319
payload_scaling,TCP,10ms,1KB,9,37993,26.9523
payload_scaling,TCP,10ms,1KB,10,55600,18.4173
payload_scaling,TCP,10ms,1KB,11,47725,21.4563
payload_scaling,TCP,10ms,1KB,12,39236,26.0985
payload_scaling,TCP,10ms,1KB,13,37313,27.4435
payload_scaling,TCP,10ms,1KB,14,38734,26.4367
payload_scaling,TCP,10ms,1KB,15,38843,26.3625
payload_scaling,TCP,10ms,1KB,16,63406,16.1499
payload_scaling,TCP,10ms,1KB,17,38663,26.4853
payload_scaling,TCP,10ms,1KB,18,37851,27.0534
payload_scaling,TCP,10ms,1KB,19,38642,26.4997
payload_scaling,TCP,10ms,1KB,20,37230,27.5047
payload_scaling,TCP,10ms,1KB,21,39372,26.0083
payload_scaling,TCP,10ms,1KB,22,38165,26.8309
payload_scaling,TCP,10ms,1KB,23,46190,22.1693
payload_scaling,TCP,10ms,1KB,24,37955,26.9793
payload_scaling,TCP,10ms,1KB,25,36956,27.7086
payload_scaling,TCP,10ms,1KB,26,38353,26.6993
payload_scaling,TCP,10ms,1KB,27,38234,26.7824
payload_scaling,TCP,10ms,1KB,28,49591,20.6489
payload_scaling,TCP,10ms,1KB,29,38145,26.8449
payload_scaling,TCP,10ms,1KB,30,35889,28.5324
payload_scaling,TCP,10ms,1KB,31,44751,22.8822
payload_scaling,TCP,10ms,1KB,32,39787,25.7370
payload_scaling,TCP,10ms,1KB,33,37633,27.2102
payload_scaling,TCP,10ms,1KB,34,35998,28.4460
payload_scaling,TCP,10ms,1KB,35,38091,26.8830
payload_scaling,TCP,10ms,1KB,36,37433,27.3555
payload_scaling,TCP,10ms,1KB,37,39564,25.8821
payload_scaling,TCP,10ms,1KB,38,37842,27.0599
payload_scaling,TCP,10ms,1KB,39,45104,22.7031
payload_scaling,TCP,10ms,1KB,40,37820,27.0756
payload_scaling,TCP,10ms,1KB,41,38303,26.7342
payload_scaling,TCP,10ms,1KB,42,81663,12.5393
payload_scaling,TCP,10ms,1KB,43,38113,26.8675
payload_scaling,TCP,10ms,1KB,44,37459,27.3366
payload_scaling,TCP,10ms,1KB,45,38781,26.4047
payload_scaling,TCP,10ms,1KB,46,40392,25.3516
payload_scaling,TCP,10ms,1KB,47,48853,20.9608
payload_scaling,TCP,10ms,1KB,48,36539,28.0249
payload_scaling,TCP,10ms,1KB,49,38902,26.3226
payload_scaling,TCP,10ms,1KB,50,35788,28.6129
payload_scaling,TCP,10ms,16KB,1,342406,47.8496
payload_scaling,TCP,10ms,16KB,2,307935,53.2060
payload_scaling,TCP,10ms,16KB,3,340149,48.1671
payload_scaling,TCP,10ms,16KB,4,284712,57.5459
payload_scaling,TCP,10ms,16KB,5,274376,59.7137
payload_scaling,TCP,10ms,16KB,6,308406,53.1248
payload_scaling,TCP,10ms,16KB,7,270464,60.5774
payload_scaling,TCP,10ms,16KB,8,274586,59.6680
payload_scaling,TCP,10ms,16KB,9,347533,47.1437
payload_scaling,TCP,10ms,16KB,10,313978,52.1820
payload_scaling,TCP,10ms,16KB,11,271682,60.3058
payload_scaling,TCP,10ms,16KB,12,291108,56.2815
payload_scaling,TCP,10ms,16KB,13,286279,57.2309
payload_scaling,TCP,10ms,16KB,14,284513,57.5861
payload_scaling,TCP,10ms,16KB,15,272222,60.1862
payload_scaling,TCP,10ms,16KB,16,285317,57.4238
payload_scaling,TCP,10ms,16KB,17,309951,52.8600
payload_scaling,TCP,10ms,16KB,18,726074,22.5652
payload_scaling,TCP,10ms,16KB,19,275758,59.4144
payload_scaling,TCP,10ms,16KB,20,273148,59.9821
payload_scaling,TCP,10ms,16KB,21,304118,53.8738
payload_scaling,TCP,10ms,16KB,22,315521,51.9268
payload_scaling,TCP,10ms,16KB,23,317709,51.5692
payload_scaling,TCP,10ms,16KB,24,274586,59.6680
payload_scaling,TCP,10ms,16KB,25,304974,53.7226
payload_scaling,TCP,10ms,16KB,26,275762,59.4136
payload_scaling,TCP,10ms,16KB,27,273079,59.9973
payload_scaling,TCP,10ms,16KB,28,283668,57.7577
payload_scaling,TCP,10ms,16KB,29,384375,42.6250
payload_scaling,TCP,10ms,16KB,30,2397951,6.8325
payload_scaling,TCP,10ms,16KB,31,739237,22.1634
payload_scaling,TCP,10ms,16KB,32,277208,59.1036
payload_scaling,TCP,10ms,16KB,33,365601,44.8139
payload_scaling,TCP,10ms,16KB,34,397917,41.1744
payload_scaling,TCP,10ms,16KB,35,353003,46.4132
payload_scaling,TCP,10ms,16KB,36,291819,56.1444
payload_scaling,TCP,10ms,16KB,37,275902,59.3834
payload_scaling,TCP,10ms,16KB,38,276133,59.3337
payload_scaling,TCP,10ms,16KB,39,308975,53.0269
payload_scaling,TCP,10ms,16KB,40,279759,58.5647
payload_scaling,TCP,10ms,16KB,41,285647,57.3575
payload_scaling,TCP,10ms,16KB,42,347727,47.1174
payload_scaling,TCP,10ms,16KB,43,288224,56.8447
payload_scaling,TCP,10ms,16KB,44,286319,57.2229
payload_scaling,TCP,10ms,16KB,45,280075,58.4986
payload_scaling,TCP,10ms,16KB,46,298814,54.8301
payload_scaling,TCP,10ms,16KB,47,254946,64.2646
payload_scaling,TCP,10ms,16KB,48,281547,58.1928
payload_scaling,TCP,10ms,16KB,49,326208,50.2256
payload_scaling,TCP,10ms,16KB,50,285814,57.3240
payload_scaling,TCP,10ms,64KB,1,2269416,28.8779
payload_scaling,TCP,10ms,64KB,2,1030101,63.6209
payload_scaling,TCP,10ms,64KB,3,1032963,63.4447
payload_scaling,TCP,10ms,64KB,4,1277297,51.3083
payload_scaling,TCP,10ms,64KB,5,1241384,52.7927
payload_scaling,TCP,10ms,64KB,6,5883102,11.1397
payload_scaling,TCP,10ms,64KB,7,1115131,58.7698
payload_scaling,TCP,10ms,64KB,8,2685858,24.4004
payload_scaling,TCP,10ms,64KB,9,1213664,53.9985
payload_scaling,TCP,10ms,64KB,10,1092252,60.0008
payload_scaling,TCP,10ms,64KB,11,1098573,59.6556
payload_scaling,TCP,10ms,64KB,12,1537680,42.6201
payload_scaling,TCP,10ms,64KB,13,1460114,44.8842
payload_scaling,TCP,10ms,64KB,14,1476303,44.3920
payload_scaling,TCP,10ms,64KB,15,1454197,45.0668
payload_scaling,TCP,10ms,64KB,16,3985266,16.4446
payload_scaling,TCP,10ms,64KB,17,11995100,5.4636
payload_scaling,TCP,10ms,64KB,18,15467857,4.2369
payload_scaling,TCP,10ms,64KB,19,1481204,44.2451
payload_scaling,TCP,10ms,64KB,20,1409848,46.4844
payload_scaling,TCP,10ms,64KB,21,1565059,41.8745
payload_scaling,TCP,10ms,64KB,22,1428593,45.8745
payload_scaling,TCP,10ms,64KB,23,1133725,57.8059
payload_scaling,TCP,10ms,64KB,24,1098283,59.6713
payload_scaling,TCP,10ms,64KB,25,1115085,58.7722
payload_scaling,TCP,10ms,64KB,26,1201692,54.5364
payload_scaling,TCP,10ms,64KB,27,2149692,30.4862
payload_scaling,TCP,10ms,64KB,28,1200603,54.5859
payload_scaling,TCP,10ms,64KB,29,1524993,42.9746
payload_scaling,TCP,10ms,64KB,30,1535888,42.6698
payload_scaling,TCP,10ms,64KB,31,1427796,45.9001
payload_scaling,TCP,10ms,64KB,32,1511600,43.3554
payload_scaling,TCP,10ms,64KB,33,1484942,44.1337
payload_scaling,TCP,10ms,64KB,34,2366512,27.6931
payload_scaling,TCP,10ms,64KB,35,1404958,46.6462
payload_scaling,TCP,10ms,64KB,36,1030829,63.5760
payload_scaling,TCP,10ms,64KB,37,418234814,0.1567
payload_scaling,TCP,10ms,64KB,38,937134,69.9324
payload_scaling,TCP,10ms,64KB,39,946862,69.2139
payload_scaling,TCP,10ms,64KB,40,930648,70.4198
payload_scaling,TCP,10ms,64KB,41,983721,66.6205
payload_scaling,TCP,10ms,64KB,42,980128,66.8647
payload_scaling,TCP,10ms,64KB,43,954004,68.6957
payload_scaling,TCP,10ms,64KB,44,940772,69.6619
payload_scaling,TCP,10ms,64KB,45,4256823,15.3955
payload_scaling,TCP,10ms,64KB,46,1293262,50.6750
payload_scaling,TCP,10ms,64KB,47,1235343,53.0509
payload_scaling,TCP,10ms,64KB,48,1213426,54.0091
payload_scaling,TCP,10ms,64KB,49,1124252,58.2930
payload_scaling,TCP,10ms,64KB,50,1053636,62.1998
payload_scaling,QUIC,10ms,128B,1,2521003,0.0508
payload_scaling,QUIC,10ms,128B,2,18863,6.7858
payload_scaling,QUIC,10ms,128B,3,14289,8.9579
payload_scaling,QUIC,10ms,128B,4,14426,8.8729
payload_scaling,QUIC,10ms,128B,5,13270,9.6458
payload_scaling,QUIC,10ms,128B,6,1111283,0.1152
payload_scaling,QUIC,10ms,128B,7,18881,6.7793
payload_scaling,QUIC,10ms,128B,8,13832,9.2539
payload_scaling,QUIC,10ms,128B,9,13523,9.4654
payload_scaling,QUIC,10ms,128B,10,13516,9.4703
payload_scaling,QUIC,10ms,128B,11,17731,7.2190
payload_scaling,QUIC,10ms,128B,12,178687,0.7163
payload_scaling,QUIC,10ms,128B,13,17353,7.3762
payload_scaling,QUIC,10ms,128B,14,13448,9.5181
payload_scaling,QUIC,10ms,128B,15,13318,9.6111
payload_scaling,QUIC,10ms,128B,16,13347,9.5902
payload_scaling,QUIC,10ms,128B,17,13296,9.6270
payload_scaling,QUIC,10ms,128B,18,128885,0.9931
payload_scaling,QUIC,10ms,128B,19,17820,7.1829
payload_scaling,QUIC,10ms,128B,20,13250,9.6604
payload_scaling,QUIC,10ms,128B,21,14449,8.8587
payload_scaling,QUIC,10ms,128B,22,13045,9.8122
payload_scaling,QUIC,10ms,128B,23,13092,9.7770
payload_scaling,QUIC,10ms,128B,24,14165,9.0364
payload_scaling,QUIC,10ms,128B,25,125114,1.0231
payload_scaling,QUIC,10ms,128B,26,16044,7.9781
payload_scaling,QUIC,10ms,128B,27,13416,9.5408
payload_scaling,QUIC,10ms,128B,28,13120,9.7561
payload_scaling,QUIC,10ms,128B,29,13280,9.6386
payload_scaling,QUIC,10ms,128B,30,13185,9.7080
payload_scaling,QUIC,10ms,128B,31,124544,1.0277
payload_scaling,QUIC,10ms,128B,32,18055,7.0894
payload_scaling,QUIC,10ms,128B,33,14207,9.0096
payload_scaling,QUIC,10ms,128B,34,13321,9.6089
payload_scaling,QUIC,10ms,128B,35,18883,6.7786
payload_scaling,QUIC,10ms,128B,36,13160,9.7264
payload_scaling,QUIC,10ms,128B,37,108275,1.1822
payload_scaling,QUIC,10ms,128B,38,19752,6.4804
payload_scaling,QUIC,10ms,128B,39,13299,9.6248
payload_scaling,QUIC,10ms,128B,40,13313,9.6147
payload_scaling,QUIC,10ms,128B,41,18718,6.8383
payload_scaling,QUIC,10ms,128B,42,13183,9.7095
payload_scaling,QUIC,10ms,128B,43,13557,9.4416
payload_scaling,QUIC,10ms,128B,44,121108,1.0569
payload_scaling,QUIC,10ms,128B,45,15450,8.2848
payload_scaling,QUIC,10ms,128B,46,13413,9.5430
payload_scaling,QUIC,10ms,128B,47,14463,8.8502
payload_scaling,QUIC,10ms,128B,48,13574,9.4298
payload_scaling,QUIC,10ms,128B,49,13718,9.3308
payload_scaling,QUIC,10ms,128B,50,111527,1.1477
payload_scaling,QUIC,10ms,1KB,1,741621,1.3808
payload_scaling,QUIC,10ms,1KB,2,186007,5.5052
payload_scaling,QUIC,10ms,1KB,3,120005,8.5330
payload_scaling,QUIC,10ms,1KB,4,109030,9.3919
payload_scaling,QUIC,10ms,1KB,5,111287,9.2014
payload_scaling,QUIC,10ms,1KB,6,171228,5.9803
payload_scaling,QUIC,10ms,1KB,7,149408,6.8537
payload_scaling,QUIC,10ms,1KB,8,262369,3.9029
payload_scaling,QUIC,10ms,1KB,9,119108,8.5972
payload_scaling,QUIC,10ms,1KB,10,177457,5.7704
payload_scaling,QUIC,10ms,1KB,11,93307,10.9745
payload_scaling,QUIC,10ms,1KB,12,124247,8.2416
payload_scaling,QUIC,10ms,1KB,13,68878,14.8669
payload_scaling,QUIC,10ms,1KB,14,134455,7.6159
payload_scaling,QUIC,10ms,1KB,15,30418,33.6643
payload_scaling,QUIC,10ms,1KB,16,483717,2.1169
payload_scaling,QUIC,10ms,1KB,17,137199,7.4636
payload_scaling,QUIC,10ms,1KB,18,32815,31.2052
payload_scaling,QUIC,10ms,1KB,19,1400761,0.7310
payload_scaling,QUIC,10ms,1KB,20,93870,10.9087
payload_scaling,QUIC,10ms,1KB,21,31302282,0.0327
payload_scaling,QUIC,10ms,1KB,22,85619,11.9600
payload_scaling,QUIC,10ms,1KB,23,127309,8.0434
payload_scaling,QUIC,10ms,1KB,24,859224,1.1918
payload_scaling,QUIC,10ms,1KB,25,110494,9.2675
payload_scaling,QUIC,10ms,1KB,26,208230,4.9176
payload_scaling,QUIC,10ms,1KB,27,190642,5.3713
payload_scaling,QUIC,10ms,1KB,28,288168,3.5535
payload_scaling,QUIC,10ms,1KB,29,441235,2.3208
payload_scaling,QUIC,10ms,1KB,30,113414,9.0289
payload_scaling,QUIC,10ms,1KB,31,97990,10.4500
payload_scaling,QUIC,10ms,1KB,32,235705,4.3444
payload_scaling,QUIC,10ms,1KB,33,124584,8.2194
payload_scaling,QUIC,10ms,1KB,34,76450,13.3944
payload_scaling,QUIC,10ms,1KB,35,60430,16.9452
payload_scaling,QUIC,10ms,1KB,36,103748,9.8701
payload_scaling,QUIC,10ms,1KB,37,30617,33.4455
payload_scaling,QUIC,10ms,1KB,38,105996,9.6607
payload_scaling,QUIC,10ms,1KB,39,78048,13.1201
payload_scaling,QUIC,10ms,1KB,40,60329,16.9736
payload_scaling,QUIC,10ms,1KB,41,144115,7.1054
payload_scaling,QUIC,10ms,1KB,42,1974050,0.5187
payload_scaling,QUIC,10ms,1KB,43,258037,3.9684
payload_scaling,QUIC,10ms,1KB,44,101906,10.0485
payload_scaling,QUIC,10ms,1KB,45,30441,33.6388
payload_scaling,QUIC,10ms,1KB,46,81972,12.4921
payload_scaling,QUIC,10ms,1KB,47,223066,4.5906
payload_scaling,QUIC,10ms,1KB,48,208400,4.9136
payload_scaling,QUIC,10ms,1KB,49,222670,4.5987
payload_scaling,QUIC,10ms,1KB,50,313876,3.2624
payload_scaling,QUIC,10ms,16KB,1,5738717,2.8550
payload_scaling,QUIC,10ms,16KB,2,9044838,1.8114
payload_scaling,QUIC,10ms,16KB,3,5025536,3.2601
payload_scaling,QUIC,10ms,16KB,4,5311092,3.0849
payload_scaling,QUIC,10ms,16KB,5,8473641,1.9335
payload_scaling,QUIC,10ms,16KB,6,6093513,2.6888
payload_scaling,QUIC,10ms,16KB,7,4438902,3.6910
payload_scaling,QUIC,10ms,16KB,8,6510086,2.5167
payload_scaling,QUIC,10ms,16KB,9,6510434,2.5166
payload_scaling,QUIC,10ms,16KB,10,5738491,2.8551
payload_scaling,QUIC,10ms,16KB,11,4100367,3.9957
payload_scaling,QUIC,10ms,16KB,12,5133680,3.1915
payload_scaling,QUIC,10ms,16KB,13,6564303,2.4959
payload_scaling,QUIC,10ms,16KB,14,5919059,2.7680
payload_scaling,QUIC,10ms,16KB,15,5987631,2.7363
payload_scaling,QUIC,10ms,16KB,16,4027152,4.0684
payload_scaling,QUIC,10ms,16KB,17,5884021,2.7845
payload_scaling,QUIC,10ms,16KB,18,4291045,3.8182
payload_scaling,QUIC,10ms,16KB,19,5828433,2.8110
payload_scaling,QUIC,10ms,16KB,20,5651959,2.8988
payload_scaling,QUIC,10ms,16KB,21,5953005,2.7522
payload_scaling,QUIC,10ms,16KB,22,4178896,3.9207
payload_scaling,QUIC,10ms,16KB,23,5798078,2.8258
payload_scaling,QUIC,10ms,16KB,24,4222409,3.8802
payload_scaling,QUIC,10ms,16KB,25,5902412,2.7758
payload_scaling,QUIC,10ms,16KB,26,4355674,3.7615
payload_scaling,QUIC,10ms,16KB,27,4255283,3.8503
payload_scaling,QUIC,10ms,16KB,28,4452367,3.6798
payload_scaling,QUIC,10ms,16KB,29,4989439,3.2837
payload_scaling,QUIC,10ms,16KB,30,5121863,3.1988
payload_scaling,QUIC,10ms,16KB,31,6449093,2.5405
payload_scaling,QUIC,10ms,16KB,32,6618641,2.4754
payload_scaling,QUIC,10ms,16KB,33,6327185,2.5895
payload_scaling,QUIC,10ms,16KB,34,4739205,3.4571
payload_scaling,QUIC,10ms,16KB,35,3608909,4.5399
payload_scaling,QUIC,10ms,16KB,36,6825329,2.4005
payload_scaling,QUIC,10ms,16KB,37,5272752,3.1073
payload_scaling,QUIC,10ms,16KB,38,3996157,4.0999
payload_scaling,QUIC,10ms,16KB,39,6933186,2.3631
payload_scaling,QUIC,10ms,16KB,40,6484448,2.5267
payload_scaling,QUIC,10ms,16KB,41,3961952,4.1353
payload_scaling,QUIC,10ms,16KB,42,4095516,4.0005
payload_scaling,QUIC,10ms,16KB,43,4513571,3.6299
payload_scaling,QUIC,10ms,16KB,44,3971807,4.1251
payload_scaling,QUIC,10ms,16KB,45,6320219,2.5923
payload_scaling,QUIC,10ms,16KB,46,5569268,2.9419
payload_scaling,QUIC,10ms,16KB,47,4306099,3.8048
payload_scaling,QUIC,10ms,16KB,48,4122093,3.9747
payload_scaling,QUIC,10ms,16KB,49,5043045,3.2488
payload_scaling,QUIC,10ms,16KB,50,3723289,4.4004
payload_scaling,QUIC,10ms,64KB,1,37500551,1.7476
payload_scaling,QUIC,10ms,64KB,2,34397132,1.9053
payload_scaling,QUIC,10ms,64KB,3,34248570,1.9135
payload_scaling,QUIC,10ms,64KB,4,40765115,1.6076
payload_scaling,QUIC,10ms,64KB,5,35255034,1.8589
payload_scaling,QUIC,10ms,64KB,6,37710876,1.7379
payload_scaling,QUIC,10ms,64KB,7,42874719,1.5285
payload_scaling,QUIC,10ms,64KB,8,38433199,1.7052
payload_scaling,QUIC,10ms,64KB,9,34991911,1.8729
payload_scaling,QUIC,10ms,64KB,10,34494956,1.8999
payload_scaling,QUIC,10ms,64KB,11,33342526,1.9655
payload_scaling,QUIC,10ms,64KB,12,33956942,1.9300
payload_scaling,QUIC,10ms,64KB,13,35784969,1.8314
payload_scaling,QUIC,10ms,64KB,14,35364944,1.8531
payload_scaling,QUIC,10ms,64KB,15,34151977,1.9190
payload_scaling,QUIC,10ms,64KB,16,35539672,1.8440
payload_scaling,QUIC,10ms,64KB,17,35405859,1.8510
payload_scaling,QUIC,10ms,64KB,18,39170722,1.6731
payload_scaling,QUIC,10ms,64KB,19,33825308,1.9375
payload_scaling,QUIC,10ms,64KB,20,37374283,1.7535
payload_scaling,QUIC,10ms,64KB,21,34404347,1.9049
payload_scaling,QUIC,10ms,64KB,22,35341888,1.8543
payload_scaling,QUIC,10ms,64KB,23,37843800,1.7317
payload_scaling,QUIC,10ms,64KB,24,33898971,1.9333
payload_scaling,QUIC,10ms,64KB,25,36895487,1.7763
payload_scaling,QUIC,10ms,64KB,26,40684920,1.6108
payload_scaling,QUIC,10ms,64KB,27,39613881,1.6544
payload_scaling,QUIC,10ms,64KB,28,32877187,1.9934
payload_scaling,QUIC,10ms,64KB,29,40535747,1.6167
payload_scaling,QUIC,10ms,64KB,30,39199727,1.6718
payload_scaling,QUIC,10ms,64KB,31,36207525,1.8100
payload_scaling,QUIC,10ms,64KB,32,44184117,1.4832
payload_scaling,QUIC,10ms,64KB,33,40876421,1.6033
payload_scaling,QUIC,10ms,64KB,34,36791038,1.7813
payload_scaling,QUIC,10ms,64KB,35,40264442,1.6276
payload_scaling,QUIC,10ms,64KB,36,43860442,1.4942
payload_scaling,QUIC,10ms,64KB,37,47440198,1.3814
payload_scaling,QUIC,10ms,64KB,38,41828181,1.5668
payload_scaling,QUIC,10ms,64KB,39,37082904,1.7673
payload_scaling,QUIC,10ms,64KB,40,42030653,1.5592
payload_scaling,QUIC,10ms,64KB,41,40251643,1.6282
payload_scaling,QUIC,10ms,64KB,42,39118845,1.6753
payload_scaling,QUIC,10ms,64KB,43,36369929,1.8019
payload_scaling,QUIC,10ms,64KB,44,39147109,1.6741
payload_scaling,QUIC,10ms,64KB,45,33795676,1.9392
payload_scaling,QUIC,10ms,64KB,46,41088506,1.5950
payload_scaling,QUIC,10ms,64KB,47,34305531,1.9104
payload_scaling,QUIC,10ms,64KB,48,33286313,1.9689
payload_scaling,QUIC,10ms,64KB,49,45593290,1.4374
payload_scaling,QUIC,10ms,64KB,50,45710492,1.4337
