benchmark,transport,scenario,sample,batch_size,batch_duration_ns,ops_per_sec
throughput,TCP,localhost,1,100,9790579,10213.90
throughput,TCP,localhost,2,100,18114512,5520.44
throughput,TCP,localhost,3,100,19111027,5232.58
throughput,TCP,localhost,4,100,17536391,5702.43
throughput,TCP,localhost,5,100,18839649,5307.95
throughput,TCP,localhost,6,100,15407568,6490.32
throughput,TCP,localhost,7,100,14491191,6900.74
throughput,TCP,localhost,8,100,10081370,9919.29
throughput,TCP,localhost,9,100,10980283,9107.23
throughput,TCP,localhost,10,100,10822487,9240.02
throughput,TCP,localhost,11,100,10711105,9336.10
throughput,TCP,localhost,12,100,11987612,8341.95
throughput,TCP,localhost,13,100,14115940,7084.19
throughput,TCP,localhost,14,100,9107115,10980.43
throughput,TCP,localhost,15,100,9075596,11018.56
throughput,TCP,localhost,16,100,9565241,10454.52
throughput,TCP,localhost,17,100,8510338,11750.41
throughput,TCP,localhost,18,100,10890985,9181.91
throughput,TCP,localhost,19,100,10930208,9148.96
throughput,TCP,localhost,20,100,9267876,10789.96
throughput,TCP,localhost,21,100,9732502,10274.85
throughput,TCP,localhost,22,100,12828842,7794.94
throughput,TCP,localhost,23,100,11258167,8882.44
throughput,TCP,localhost,24,100,9356178,10688.13
throughput,TCP,localhost,25,100,9515684,10508.97
throughput,TCP,localhost,26,100,9184034,10888.46
throughput,TCP,localhost,27,100,9734715,10272.51
throughput,TCP,localhost,28,100,9412547,10624.12
throughput,TCP,localhost,29,100,9530911,10492.18
throughput,TCP,localhost,30,100,9439383,10593.91
throughput,TCP,localhost,31,100,19291996,5183.50
throughput,TCP,localhost,32,100,15591006,6413.95
throughput,TCP,localhost,33,100,14532069,6881.33
throughput,TCP,localhost,34,100,13693404,7302.79
throughput,TCP,localhost,35,100,13679798,7310.05
throughput,TCP,localhost,36,100,13349140,7491.12
throughput,TCP,localhost,37,100,15219210,6570.64
throughput,TCP,localhost,38,100,18607980,5374.04
throughput,TCP,localhost,39,100,16840640,5938.02
throughput,TCP,localhost,40,100,14605653,6846.66
throughput,TCP,localhost,41,100,13210885,7569.52
throughput,TCP,localhost,42,100,13392286,7466.99
throughput,TCP,localhost,43,100,16400943,6097.21
throughput,TCP,localhost,44,100,18551784,5390.32
throughput,TCP,localhost,45,100,17463666,5726.17
throughput,TCP,localhost,46,100,17427744,5737.98
throughput,TCP,localhost,47,100,19559117,5112.71
throughput,TCP,localhost,48,100,15531584,6438.49
throughput,TCP,localhost,49,100,17594286,5683.66
throughput,TCP,localhost,50,100,19240153,5197.46
throughput,QUIC,localhost,1,100,6453130,15496.36
throughput,QUIC,localhost,2,100,2896376,34525.90
throughput,QUIC,localhost,3,100,5692139,17568.09
throughput,QUIC,localhost,4,100,3014948,33168.07
throughput,QUIC,localhost,5,100,2545600,39283.47
throughput,QUIC,localhost,6,100,3127972,31969.60
throughput,QUIC,localhost,7,100,3637951,27488.00
throughput,QUIC,localhost,8,100,6738437,14840.24
throughput,QUIC,localhost,9,100,4633823,21580.45
throughput,QUIC,localhost,10,100,2456343,40710.93
throughput,QUIC,localhost,11,100,2012225,49696.23
throughput,QUIC,localhost,12,100,3197646,31273.01
throughput,QUIC,localhost,13,100,4314301,23178.73
throughput,QUIC,localhost,14,100,2582475,38722.54
throughput,QUIC,localhost,15,100,4758173,21016.47
throughput,QUIC,localhost,16,100,3988690,25070.89
throughput,QUIC,localhost,17,100,1597807,62585.78
throughput,QUIC,localhost,18,100,1525640,65546.26
throughput,QUIC,localhost,19,100,3014458,33173.46
throughput,QUIC,localhost,20,100,2804514,35656.80
throughput,QUIC,localhost,21,100,1900901,52606.63
throughput,QUIC,localhost,22,100,6855698,14586.41
throughput,QUIC,localhost,23,100,2189995,45662.20
throughput,QUIC,localhost,24,100,1432305,69817.53
throughput,QUIC,localhost,25,100,1483206,67421.52
throughput,QUIC,localhost,26,100,1484764,67350.77
throughput,QUIC,localhost,27,100,4155584,24064.01
throughput,QUIC,localhost,28,100,2567905,38942.25
throughput,QUIC,localhost,29,100,3616406,27651.76
throughput,QUIC,localhost,30,100,1840776,54324.92
throughput,QUIC,localhost,31,100,1811456,55204.21
throughput,QUIC,localhost,32,100,3837970,26055.44
throughput,QUIC,localhost,33,100,2955207,33838.58
throughput,QUIC,localhost,34,100,1118036,89442.56
throughput,QUIC,localhost,35,100,4206753,23771.30
throughput,QUIC,localhost,36,100,3244955,30817.07
throughput,QUIC,localhost,37,100,1849121,54079.75
throughput,QUIC,localhost,38,100,2675036,37382.67
throughput,QUIC,localhost,39,100,4613555,21675.26
throughput,QUIC,localhost,40,100,2464010,40584.25
throughput,QUIC,localhost,41,100,5821553,17177.55
throughput,QUIC,localhost,42,100,4079787,24511.08
throughput,QUIC,localhost,43,100,1888893,52941.06
throughput,QUIC,localhost,44,100,3291737,30379.10
throughput,QUIC,localhost,45,100,4669681,21414.74
throughput,QUIC,localhost,46,100,2675943,37370.00
throughput,QUIC,localhost,47,100,1597894,62582.37
throughput,QUIC,localhost,48,100,5977412,16729.65
throughput,QUIC,localhost,49,100,4025941,24838.91
throughput,QUIC,localhost,50,100,3733929,26781.44
throughput,TCP,10ms,1,100,7392829,13526.62
throughput,TCP,10ms,2,100,4616058,21663.51
throughput,TCP,10ms,3,100,3051584,32769.87
throughput,TCP,10ms,4,100,2902797,34449.53
throughput,TCP,10ms,5,100,3207279,31179.08
throughput,TCP,10ms,6,100,3675564,27206.71
throughput,TCP,10ms,7,100,2895822,34532.51
throughput,TCP,10ms,8,100,2507919,39873.70
throughput,TCP,10ms,9,100,2628425,38045.60
throughput,TCP,10ms,10,100,2816847,35500.69
throughput,TCP,10ms,11,100,3633900,27518.64
throughput,TCP,10ms,12,100,3387043,29524.28
throughput,TCP,10ms,13,100,2958754,33798.01
throughput,TCP,10ms,14,100,2666825,37497.77
throughput,TCP,10ms,15,100,2858360,34985.10
throughput,TCP,10ms,16,100,2688469,37195.89
throughput,TCP,10ms,17,100,2720525,36757.61
throughput,TCP,10ms,18,100,2729880,36631.65
throughput,TCP,10ms,19,100,4604850,21716.23
throughput,TCP,10ms,20,100,2768476,36120.96
throughput,TCP,10ms,21,100,2563634,39007.13
throughput,TCP,10ms,22,100,2402216,41628.23
throughput,TCP,10ms,23,100,2421912,41289.69
throughput,TCP,10ms,24,100,2350090,42551.56
throughput,TCP,10ms,25,100,2291494,43639.65
throughput,TCP,10ms,26,100,4403222,22710.64
throughput,TCP,10ms,27,100,3288990,30404.47
throughput,TCP,10ms,28,100,1479598,67585.93
throughput,TCP,10ms,29,100,1583509,63150.89
throughput,TCP,10ms,30,100,1540891,64897.52
throughput,TCP,10ms,31,100,1785351,56011.39
throughput,TCP,10ms,32,100,2733762,36579.63
throughput,TCP,10ms,33,100,2867580,34872.61
throughput,TCP,10ms,34,100,3921135,25502.82
throughput,TCP,10ms,35,100,7141451,14002.76
throughput,TCP,10ms,36,100,20487869,4880.94
throughput,TCP,10ms,37,100,15566590,6424.01
throughput,TCP,10ms,38,100,19929091,5017.79
throughput,TCP,10ms,39,100,18944829,5278.49
throughput,TCP,10ms,40,100,21410768,4670.55
throughput,TCP,10ms,41,100,20229448,4943.29
throughput,TCP,10ms,42,100,21003717,4761.06
throughput,TCP,10ms,43,100,16032208,6237.44
throughput,TCP,10ms,44,100,11267870,8874.79
throughput,TCP,10ms,45,100,11711450,8538.65
throughput,TCP,10ms,46,100,9792079,10212.34
throughput,TCP,10ms,47,100,11897391,8405.20
throughput,TCP,10ms,48,100,10758216,9295.22
throughput,TCP,10ms,49,100,11249228,8889.50
throughput,TCP,10ms,50,100,10908382,9167.26
throughput,QUIC,10ms,1,100,1855809,53884.86
throughput,QUIC,10ms,2,100,1905477,52480.30
throughput,QUIC,10ms,3,100,4369308,22886.92
throughput,QUIC,10ms,4,100,2829615,35340.50
throughput,QUIC,10ms,5,100,3339192,29947.36
throughput,QUIC,10ms,6,100,8647964,11563.42
throughput,QUIC,10ms,7,100,3168405,31561.62
throughput,QUIC,10ms,8,100,2734836,36565.26
throughput,QUIC,10ms,9,100,2066840,48383.04
throughput,QUIC,10ms,10,100,1978894,50533.28
throughput,QUIC,10ms,11,100,1730032,57802.40
throughput,QUIC,10ms,12,100,1660096,60237.48
throughput,QUIC,10ms,13,100,3092823,32332.92
throughput,QUIC,10ms,14,100,2058770,48572.69
throughput,QUIC,10ms,15,100,6597891,15156.36
throughput,QUIC,10ms,16,100,2834022,35285.54
throughput,QUIC,10ms,17,100,2989908,33445.85
throughput,QUIC,10ms,18,100,3241711,30847.91
throughput,QUIC,10ms,19,100,3052330,32761.86
throughput,QUIC,10ms,20,100,1293431,77313.75
throughput,QUIC,10ms,21,100,2121685,47132.35
throughput,QUIC,10ms,22,100,3403679,29379.97
throughput,QUIC,10ms,23,100,1537511,65040.19
throughput,QUIC,10ms,24,100,2835771,35263.78
throughput,QUIC,10ms,25,100,2936966,34048.74
throughput,QUIC,10ms,26,100,1571185,63646.23
throughput,QUIC,10ms,27,100,1725294,57961.14
throughput,QUIC,10ms,28,100,1718965,58174.54
throughput,QUIC,10ms,29,100,2257202,44302.64
throughput,QUIC,10ms,30,100,2841527,35192.35
throughput,QUIC,10ms,31,100,9430984,10603.35
throughput,QUIC,10ms,32,100,2537833,39403.70
throughput,QUIC,10ms,33,100,1762875,56725.52
throughput,QUIC,10ms,34,100,1835517,54480.56
throughput,QUIC,10ms,35,100,1719949,58141.26
throughput,QUIC,10ms,36,100,1497307,66786.57
throughput,QUIC,10ms,37,100,1402661,71293.06
throughput,QUIC,10ms,38,100,2353209,42495.16
throughput,QUIC,10ms,39,100,4067559,24584.77
throughput,QUIC,10ms,40,100,9725358,10282.40
throughput,QUIC,10ms,41,100,2581506,38737.08
throughput,QUIC,10ms,42,100,2391873,41808.24
throughput,QUIC,10ms,43,100,3643682,27444.77
throughput,QUIC,10ms,44,100,1547943,64601.86
throughput,QUIC,10ms,45,100,2150124,46508.95
throughput,QUIC,10ms,46,100,2460093,40648.87
throughput,QUIC,10ms,47,100,2328243,42950.84
throughput,QUIC,10ms,48,100,2859308,34973.50
throughput,QUIC,10ms,49,100,2089211,47864.96
throughput,QUIC,10ms,50,100,3730910,26803.11
throughput,TCP,1pct_loss,1,100,2722049,36737.03
throughput,TCP,1pct_loss,2,100,3042821,32864.24
throughput,TCP,1pct_loss,3,100,2452964,40767.01
throughput,TCP,1pct_loss,4,100,3093311,32327.82
throughput,TCP,1pct_loss,5,100,2445469,40891.95
throughput,TCP,1pct_loss,6,100,2890818,34592.28
throughput,TCP,1pct_loss,7,100,2389279,41853.63
throughput,TCP,1pct_loss,8,100,3022252,33087.91
throughput,TCP,1pct_loss,9,100,2371685,42164.12
throughput,TCP,1pct_loss,10,100,2294673,43579.19
throughput,TCP,1pct_loss,11,100,2202078,45411.65
throughput,TCP,1pct_loss,12,100,2649872,37737.67
throughput,TCP,1pct_loss,13,100,2394431,41763.58
throughput,TCP,1pct_loss,14,100,2512699,39797.84
throughput,TCP,1pct_loss,15,100,2536070,39431.09
throughput,TCP,1pct_loss,16,100,3254691,30724.88
throughput,TCP,1pct_loss,17,100,2492675,40117.54
throughput,TCP,1pct_loss,18,100,2664249,37534.03
throughput,TCP,1pct_loss,19,100,2565130,38984.38
throughput,TCP,1pct_loss,20,100,3640610,27467.92
throughput,TCP,1pct_loss,21,100,2989596,33449.34
throughput,TCP,1pct_loss,22,100,2311070,43270.00
throughput,TCP,1pct_loss,23,100,2888176,34623.93
throughput,TCP,1pct_loss,24,100,2154601,46412.31
throughput,TCP,1pct_loss,25,100,3090200,32360.37
throughput,TCP,1pct_loss,26,100,2688499,37195.48
throughput,TCP,1pct_loss,27,100,2457662,40689.08
throughput,TCP,1pct_loss,28,100,3774498,26493.59
throughput,TCP,1pct_loss,29,100,3198618,31263.50
throughput,TCP,1pct_loss,30,100,5743047,17412.36
throughput,TCP,1pct_loss,31,100,4504115,22201.92
throughput,TCP,1pct_loss,32,100,3664214,27290.98
throughput,TCP,1pct_loss,33,100,3639632,27475.31
throughput,TCP,1pct_loss,34,100,3651775,27383.94
throughput,TCP,1pct_loss,35,100,4514769,22149.53
throughput,TCP,1pct_loss,36,100,3810523,26243.12
throughput,TCP,1pct_loss,37,100,3913883,25550.07
throughput,TCP,1pct_loss,38,100,4704160,21257.78
throughput,TCP,1pct_loss,39,100,4239888,23585.53
throughput,TCP,1pct_loss,40,100,4704353,21256.91
throughput,TCP,1pct_loss,41,100,2689476,37181.96
throughput,TCP,1pct_loss,42,100,1318630,75836.28
throughput,TCP,1pct_loss,43,100,1573286,63561.23
throughput,TCP,1pct_loss,44,100,1441931,69351.45
throughput,TCP,1pct_loss,45,100,1460110,68487.99
throughput,TCP,1pct_loss,46,100,1302853,76754.63
throughput,TCP,1pct_loss,47,100,1335487,74879.05
throughput,TCP,1pct_loss,48,100,1590417,62876.59
throughput,TCP,1pct_loss,49,100,1460566,68466.61
throughput,TCP,1pct_loss,50,100,1670094,59876.87
throughput,QUIC,1pct_loss,1,100,2537873,39403.07
throughput,QUIC,1pct_loss,2,100,4683880,21349.82
throughput,QUIC,1pct_loss,3,100,2661338,37575.08
throughput,QUIC,1pct_loss,4,100,2353449,42490.83
throughput,QUIC,1pct_loss,5,100,1994065,50148.82
throughput,QUIC,1pct_loss,6,100,9544487,10477.25
throughput,QUIC,1pct_loss,7,100,7593500,13169.16
throughput,QUIC,1pct_loss,8,100,2020876,49483.49
throughput,QUIC,1pct_loss,9,100,2057460,48603.62
throughput,QUIC,1pct_loss,10,100,3924108,25483.50
throughput,QUIC,1pct_loss,11,100,3444900,29028.42
throughput,QUIC,1pct_loss,12,100,11829821,8453.21
throughput,QUIC,1pct_loss,13,100,1770398,56484.47
throughput,QUIC,1pct_loss,14,100,4921447,20319.23
throughput,QUIC,1pct_loss,15,100,12677184,7888.19
throughput,QUIC,1pct_loss,16,100,2290540,43657.83
throughput,QUIC,1pct_loss,17,100,2807954,35613.12
throughput,QUIC,1pct_loss,18,100,4568351,21889.74
throughput,QUIC,1pct_loss,19,100,1574819,63499.36
throughput,QUIC,1pct_loss,20,100,12915329,7742.74
throughput,QUIC,1pct_loss,21,100,3786857,26407.12
throughput,QUIC,1pct_loss,22,100,2555774,39127.09
throughput,QUIC,1pct_loss,23,100,1885146,53046.29
throughput,QUIC,1pct_loss,24,100,8484535,11786.15
throughput,QUIC,1pct_loss,25,100,9004184,11105.95
throughput,QUIC,1pct_loss,26,100,1589177,62925.65
throughput,QUIC,1pct_loss,27,100,3249318,30775.69
throughput,QUIC,1pct_loss,28,100,8433246,11857.83
throughput,QUIC,1pct_loss,29,100,7959575,12563.48
throughput,QUIC,1pct_loss,30,100,4602760,21726.09
throughput,QUIC,1pct_loss,31,100,9776724,10228.38
throughput,QUIC,1pct_loss,32,100,8874369,11268.41
throughput,QUIC,1pct_loss,33,100,3160319,31642.38
throughput,QUIC,1pct_loss,34,100,9000690,11110.26
throughput,QUIC,1pct_loss,35,100,9621277,10393.63
throughput,QUIC,1pct_loss,36,100,9539093,10483.18
throughput,QUIC,1pct_loss,37,100,10607958,9426.88
throughput,QUIC,1pct_loss,38,100,4636784,21566.67
throughput,QUIC,1pct_loss,39,100,9605639,10410.55
throughput,QUIC,1pct_loss,40,100,16773492,5961.79
throughput,QUIC,1pct_loss,41,100,14330963,6977.90
throughput,QUIC,1pct_loss,42,100,4266183,23440.16
throughput,QUIC,1pct_loss,43,100,16473053,6070.52
throughput,QUIC,1pct_loss,44,100,5960084,16778.29
throughput,QUIC,1pct_loss,45,100,15262878,6551.84
throughput,QUIC,1pct_loss,46,100,6354004,15738.11
throughput,QUIC,1pct_loss,47,100,15513483,6446.01
throughput,QUIC,1pct_loss,48,100,18843443,5306.89
throughput,QUIC,1pct_loss,49,100,20148985,4963.03
throughput,QUIC,1pct_loss,50,100,7006915,14271.62
throughput,TCP,5pct_loss,1,100,3233692,30924.40
throughput,TCP,5pct_loss,2,100,8227644,12154.15
throughput,TCP,5pct_loss,3,100,4450686,22468.45
throughput,TCP,5pct_loss,4,100,4002138,24986.64
throughput,TCP,5pct_loss,5,100,4414041,22654.98
throughput,TCP,5pct_loss,6,100,3517077,28432.70
throughput,TCP,5pct_loss,7,100,3823808,26151.94
throughput,TCP,5pct_loss,8,100,3163999,31605.57
throughput,TCP,5pct_loss,9,100,3339191,29947.37
throughput,TCP,5pct_loss,10,100,4538906,22031.74
throughput,TCP,5pct_loss,11,100,3649232,27403.03
throughput,TCP,5pct_loss,12,100,2642221,37846.95
throughput,TCP,5pct_loss,13,100,4109675,24332.82
throughput,TCP,5pct_loss,14,100,3570570,28006.73
throughput,TCP,5pct_loss,15,100,3024077,33067.94
throughput,TCP,5pct_loss,16,100,3604402,27743.85
throughput,TCP,5pct_loss,17,100,2960558,33777.42
throughput,TCP,5pct_loss,18,100,2880698,34713.81
throughput,TCP,5pct_loss,19,100,3095710,32302.77
throughput,TCP,5pct_loss,20,100,3249628,30772.75
throughput,TCP,5pct_loss,21,100,3148088,31765.31
throughput,TCP,5pct_loss,22,100,3272395,30558.66
throughput,TCP,5pct_loss,23,100,3034702,32952.16
throughput,TCP,5pct_loss,24,100,2931641,34110.59
throughput,TCP,5pct_loss,25,100,3032760,32973.27
throughput,TCP,5pct_loss,26,100,2777901,35998.40
throughput,TCP,5pct_loss,27,100,2791991,35816.73
throughput,TCP,5pct_loss,28,100,3559663,28092.55
throughput,TCP,5pct_loss,29,100,4241242,23578.00
throughput,TCP,5pct_loss,30,100,3032266,32978.64
throughput,TCP,5pct_loss,31,100,2882372,34693.65
throughput,TCP,5pct_loss,32,100,3078658,32481.69
throughput,TCP,5pct_loss,33,100,3672749,27227.56
throughput,TCP,5pct_loss,34,100,3205748,31193.97
throughput,TCP,5pct_loss,35,100,3445455,29023.74
throughput,TCP,5pct_loss,36,100,2793390,35798.80
throughput,TCP,5pct_loss,37,100,2758470,36251.98
throughput,TCP,5pct_loss,38,100,2759350,36240.42
throughput,TCP,5pct_loss,39,100,3046933,32819.89
throughput,TCP,5pct_loss,40,100,3422602,29217.54
throughput,TCP,5pct_loss,41,100,4347086,23003.92
throughput,TCP,5pct_loss,42,100,2845648,35141.38
throughput,TCP,5pct_loss,43,100,3087754,32386.00
throughput,TCP,5pct_loss,44,100,4229126,23645.55
throughput,TCP,5pct_loss,45,100,2472832,40439.46
throughput,TCP,5pct_loss,46,100,2667514,37488.09
throughput,TCP,5pct_loss,47,100,4786085,20893.90
throughput,TCP,5pct_loss,48,100,4333942,23073.68
throughput,TCP,5pct_loss,49,100,4347941,22999.39
throughput,TCP,5pct_loss,50,100,3772705,26506.18
throughput,QUIC,5pct_loss,1,100,4277054,23380.58
throughput,QUIC,5pct_loss,2,100,2465393,40561.48
throughput,QUIC,5pct_loss,3,100,2156061,46380.88
throughput,QUIC,5pct_loss,4,100,1966590,50849.44
throughput,QUIC,5pct_loss,5,100,1882351,53125.05
throughput,QUIC,5pct_loss,6,100,15377169,6503.15
throughput,QUIC,5pct_loss,7,100,2350848,42537.84
throughput,QUIC,5pct_loss,8,100,2425989,41220.30
throughput,QUIC,5pct_loss,9,100,7220473,13849.51
throughput,QUIC,5pct_loss,10,100,11966879,8356.40
throughput,QUIC,5pct_loss,11,100,2390628,41830.01
throughput,QUIC,5pct_loss,12,100,16295651,6136.61
throughput,QUIC,5pct_loss,13,100,7653101,13066.60
throughput,QUIC,5pct_loss,14,100,15078289,6632.05
throughput,QUIC,5pct_loss,15,100,19452815,5140.64
throughput,QUIC,5pct_loss,16,100,20352633,4913.37
throughput,QUIC,5pct_loss,17,100,19980816,5004.80
throughput,QUIC,5pct_loss,18,100,27616246,3621.06
throughput,QUIC,5pct_loss,19,100,20443450,4891.54
throughput,QUIC,5pct_loss,20,100,21816717,4583.64
throughput,QUIC,5pct_loss,21,100,21470131,4657.63
throughput,QUIC,5pct_loss,22,100,21351236,4683.57
throughput,QUIC,5pct_loss,23,100,21631329,4622.92
throughput,QUIC,5pct_loss,24,100,20286254,4929.45
throughput,QUIC,5pct_loss,25,100,20801853,4807.26
throughput,QUIC,5pct_loss,26,100,19831356,5042.52
throughput,QUIC,5pct_loss,27,100,19295942,5182.44
throughput,QUIC,5pct_loss,28,100,21077490,4744.40
throughput,QUIC,5pct_loss,29,100,19122997,5229.31
throughput,QUIC,5pct_loss,30,100,22122124,4520.36
throughput,QUIC,5pct_loss,31,100,21072573,4745.50
throughput,QUIC,5pct_loss,32,100,21010853,4759.45
throughput,QUIC,5pct_loss,33,100,20619676,4849.74
throughput,QUIC,5pct_loss,34,100,20568473,4861.81
throughput,QUIC,5pct_loss,35,100,20519792,4873.34
throughput,QUIC,5pct_loss,36,100,21069234,4746.26
throughput,QUIC,5pct_loss,37,100,20191065,4952.69
throughput,QUIC,5pct_loss,38,100,20343405,4915.60
throughput,QUIC,5pct_loss,39,100,20311190,4923.39
throughput,QUIC,5pct_loss,40,100,38310458,2610.25
throughput,QUIC,5pct_loss,41,100,2821409,35443.28
throughput,QUIC,5pct_loss,42,100,19823784,5044.45
throughput,QUIC,5pct_loss,43,100,19250117,5194.77
throughput,QUIC,5pct_loss,44,100,23022250,4343.62
throughput,QUIC,5pct_loss,45,100,20443869,4891.44
throughput,QUIC,5pct_loss,46,100,38356391,2607.13
throughput,QUIC,5pct_loss,47,100,40405822,2474.89
throughput,QUIC,5pct_loss,48,100,20870708,4791.40
throughput,QUIC,5pct_loss,49,100,22573948,4429.89
throughput,QUIC,5pct_loss,50,100,20447017,4890.69
